-- phpMyAdmin SQL Dump
-- version 4.0.10deb1
-- http://www.phpmyadmin.net
--
-- Host: localhost
-- Erstellungszeit: 17. Feb 2018 um 05:02
-- Server Version: 5.5.58-MariaDB-1ubuntu0.14.04.1
-- PHP-Version: 5.6.33-1+ubuntu14.04.1+deb.sury.org+1

SET SQL_MODE = "NO_AUTO_VALUE_ON_ZERO";
SET time_zone = "+00:00";


/*!40101 SET @OLD_CHARACTER_SET_CLIENT=@@CHARACTER_SET_CLIENT */;
/*!40101 SET @OLD_CHARACTER_SET_RESULTS=@@CHARACTER_SET_RESULTS */;
/*!40101 SET @OLD_COLLATION_CONNECTION=@@COLLATION_CONNECTION */;
/*!40101 SET NAMES utf8 */;

--
-- Datenbank: `flreports`
--
CREATE DATABASE IF NOT EXISTS `flreports` DEFAULT CHARACTER SET utf8 COLLATE utf8_general_ci;
USE `flreports`;

-- --------------------------------------------------------

--
-- Tabellenstruktur für Tabelle `glossary`
--

CREATE TABLE IF NOT EXISTS `glossary` (
  `ID` int(11) NOT NULL AUTO_INCREMENT,
  `userID` int(11) NOT NULL,
  `category` int(1) NOT NULL,
  `term` varchar(60) NOT NULL,
  `description` varchar(1200) NOT NULL,
  `deleted` int(1) NOT NULL,
  PRIMARY KEY (`ID`)
) ENGINE=InnoDB  DEFAULT CHARSET=utf8 AUTO_INCREMENT=35 ;

--
-- Daten für Tabelle `glossary`
--

INSERT INTO `glossary` (`ID`, `userID`, `category`, `term`, `description`, `deleted`) VALUES
(14, 1, 3, 'ICND1', 'Der Kurs Interconnecting Cisco Networking Devices, Part 1 (ICND1) v3.0 vermittelt die erforderlichen Kenntnisse und Fähigkeiten zur Installation, Bedienung, Konfiguration und Verifizierung eines grundlegenden IPv4- und IPv6-Netzwerks, einschließlich der Konfiguration eines LAN-Switches, Konfiguration eines IP-Routers, Verwaltung von Netzwerkgeräten und Identifizierung grundlegender Sicherheitsbedrohungen. Der Kurs konzentriert sich auf die Funktionen von Netzwerken, Kenntnisse von Cisco Routern und Switches, Herstellung der Internet-Konnektivität, Verwaltung von ACLs, Konfiguration der Gerätesicherheit, der Implementierung von VLANs Trunks und die Konfiguration von statischem Routing und RIPv2. Außerdem wird man mit IPv6 vertraut gemacht. Man lernt, wie grundlegende Schritte zur Fehlerbehebung in Unternehmensnetzwerken durchzuführen sind. Die Teilnehmer werden so auf die Cisco CCNA-Zertifizierung vorbereitet.', 0),
(15, 1, 3, 'ICND2', 'Der Kurs Interconnecting Cisco Networking Devices, Part 2 (ICND2) v3.0 vermittelt das Wissen und die Fähigkeiten, die man benötigt, um ein Netzwerk in einem kleinen Unternehmen zu installieren, zu konfigurieren, zu betreiben und Fehler zu beheben.\r\n\r\nZu den wichtigsten Ergänzungen dieser letzten Revision gehören das Verständnis der Quality of Service (QoS)-Elemente und ihrer Anwendbarkeit, die Art und Weise, wie virtualisierte und Cloud-Services interagieren und sich auf Unternehmensnetzwerke auswirken sowie ein Überblick über die Netzwerkprogrammierbarkeit und die zugehörigen Controller-Typen und -Werkzeuge, die zur Unterstützung von Software-definierten Netzwerkarchitekturen zur Verfügung stehen.', 0),
(17, 1, 3, 'CCNAX', 'Der CCNAX-Kurs ist ein beschleunigter Power-Workshop, der die Themen aus den Kursen ICND1, ICND2 und dem CCNA (Cisco Certified Network Associate) vereint.', 0),
(23, 1, 2, 'Kursvorbereitung', 'Die Kursvorbereitung ist ein regelmäßiger Teil der Ausbildung. Wir bieten eine Vielzahl an Kursen in unseren Räumlichkeiten an und stellen jedem Teilnehmer Hardware zur Verfügung. Unter Kursvorbereitung verstehen wir, den Raum herzurichten mit Tischen und Stühlen, Rechner einsatzbereit zu machen und in den Räumen unterzubringen. Wir müssen eine saubere Verkabelung von Rechnern, Monitoren, Routern, Switches, Access-Points, IP Telefonen, Beamer und sonstiger Hardware gewährleisten, die in den jeweiligen Kursen benötigt wird. Zur Kursvorbereitung gehört auch die Hardware ggf. zurückzusetzen und die passenden Betriebssysteme, Treiber und Softwarelösungen einzurichten. Meistens läuft die Kursvorbereitung am Freitag ab, um für die neuen Kunden am Montag alles aufgebaut zu haben.', 0),
(24, 1, 1, 'VoIP', 'VoIP, auch Voice over IP, bezeichnet die Technik, über das bestehende IP Netzwerk, mittels dem Protokoll UDP, zu telefonieren. Vorteile sind eine praktikable Bedienung, Flexibilität und ein zentrales Management.', 0),
(25, 1, 1, 'UDP', 'UDP, auch User Datagram Protocol, ist ein verbindungsloses Internetprotokoll, welches Daten sendet, ohne zu wissen, ob diese auch ankommen. Daher ist UDP nicht verlustfrei. UDP wird für beispielsweise Video Streaming oder Telefonie verwendet.', 0),
(26, 1, 1, 'TCP', 'TCP, auch Transmission Control Protocol, ist ein Internetprotokoll, welches eine verlustfreie Verbindung zwischen zwei Geräten gewährleistet.', 0),
(27, 1, 1, 'AP', 'AP, auch Access Point, ist ein drahtlos Netzwerk Zugangsgerät, welches mobile Geräte mit WLAN versorgen kann. Der AP verbindet die mobilen Geräte mit einem physischen Netzwerk.', 0),
(28, 1, 1, 'UCS', 'UCS, auch Unified Computing System, ist ein Server, der mit einem Betriebssystem bestückt, verschiedene Dienste ausführen kann.', 0),
(29, 1, 1, 'RAM', 'RAM, auch Random Access Memory, ist ein Speicherelement in Computern, Servern und sonstiger Hardware, der auf der Flash Technologie basiert. Man bezeichnet den RAM auch als Arbeitsspeicher, da er als schneller Zwischenspeicher für Programme oder Dienste benötigt wird. ', 0),
(30, 1, 1, 'HDD', 'HDD, auch Hard Drive Disc, ist eine, zu deutsch, Festplatte. Eine Festplatte ist ein Datenträger mit hoher Kapazität, welcher für das dauerhafte Speichern von Daten benutzt wird. Eine Festplatte ist ein magnetisches Speichermedium, bei dem auf eine sich rotierende Platte geschrieben wird.', 0),
(31, 1, 1, 'Troubleshooting', 'Troubleshooting ist eine Form der Problemlösung. Sofern ein Problem besteht, und man mit einer strukturierten Suche nach dem Fehler sucht, bezeichnet man dies als Troubleshooting. Zum Troubleshooting, auch Tshoot, gehört auch das Problem zu Analysieren und ggf. Diagnosen anzufertigen, welche im Anschluss gefixt werden, also behoben werden.', 0),
(32, 1, 2, 'Redhat Koala', 'Die Redhat Koala Prüfung ist notwendig um das zugehörige Zertifikat zu erlangen. Die Prüfung und der Prüfungsstoff ist aus dem Hause Redhat, welches ein International agierender Informationsdienstleister ist. Die Prüfungen werden auch bei uns durchgeführt. Hierfür stellen wir die Räumlichkeiten und die benötigte Hardware zur Verfügung.', 0),
(33, 1, 1, 'WIC', 'WIC, auch WAN Interface Card, ist eine Netzwerkkarte die als alternative für ein externes SDSL dienen kann. Diese Karten können in unsere Cisco Geräte verbaut werden.', 0),
(34, 1, 1, 'PoE', 'PoE, auch Power over Ethernet, bezeichnet die Stromversorgung eines Netzwerkgerätes, durch das achtädrige Ethernetkabel.', 0);

-- --------------------------------------------------------

--
-- Tabellenstruktur für Tabelle `grades`
--

CREATE TABLE IF NOT EXISTS `grades` (
  `ID` int(11) NOT NULL AUTO_INCREMENT,
  `userID` int(11) NOT NULL,
  `lesson` varchar(20) NOT NULL,
  `content` varchar(300) NOT NULL,
  `grade` varchar(10) NOT NULL,
  `date` varchar(30) NOT NULL,
  PRIMARY KEY (`ID`)
) ENGINE=InnoDB  DEFAULT CHARSET=utf8 AUTO_INCREMENT=6 ;

--
-- Daten für Tabelle `grades`
--

INSERT INTO `grades` (`ID`, `userID`, `lesson`, `content`, `grade`, `date`) VALUES
(1, 1, 'IT-WS', 'Zahlensysteme, Binär & Dezimalpräfixe, Codierung', '1', '2018-01-29'),
(2, 1, 'Projekt01', 'Pitch Präsentation IT-Solutions Produkt vorstellen', '1+', '2018-01-26'),
(3, 1, 'IT-M', 'Peripherie Geräte Gruppenleistung', '1-', '2017-11-15'),
(5, 1, 'Projekt01', 'Datenbank vorstellen, CREATE, INSERT, Query, ERM', '1', '2018-02-01');

-- --------------------------------------------------------

--
-- Tabellenstruktur für Tabelle `reports`
--

CREATE TABLE IF NOT EXISTS `reports` (
  `ID` int(11) NOT NULL AUTO_INCREMENT,
  `userID` int(11) NOT NULL,
  `date` varchar(50) NOT NULL,
  `cw` varchar(10) NOT NULL,
  `location` varchar(11) NOT NULL,
  `begin` varchar(10) NOT NULL,
  `end` varchar(10) NOT NULL,
  `deleted` int(1) NOT NULL,
  PRIMARY KEY (`ID`)
) ENGINE=InnoDB  DEFAULT CHARSET=utf8 AUTO_INCREMENT=233 ;

--
-- Daten für Tabelle `reports`
--

INSERT INTO `reports` (`ID`, `userID`, `date`, `cw`, `location`, `begin`, `end`, `deleted`) VALUES
(13, 1, '1500905084', '30', 'company', '8.00', '17.00', 0),
(14, 1, '1500991910', '30', 'company', '8.00', '17.00', 0),
(15, 1, '1501073491', '30', 'company', '8.00', '17.00', 0),
(16, 1, '1501167749', '30', 'company', '8.00', '17.00', 0),
(17, 1, '1501255096', '30', 'company', '8.00', '17.00', 0),
(18, 1, '1501487138', '31', 'company', '8.00', '17.00', 0),
(19, 1, '1501587305', '31', 'company', '8.00', '17.00', 0),
(20, 1, '1501683604', '31', 'company', '8.00', '17.00', 0),
(21, 1, '1501764667', '31', 'company', '8.00', '17.30', 0),
(22, 1, '1501853305', '31', 'company', '8.00', '17.30', 0),
(23, 1, '1502117117', '32', 'company', '8.00', '17.00', 0),
(24, 1, '1502200712', '32', 'company', '8.00', '17.00', 0),
(40, 1, '1502289140', '32', 'company', '8.00', '17.00', 0),
(42, 1, '1502376326', '32', 'company', '8.00', '17.00', 0),
(43, 1, '1502452734', '32', 'company', '8.00', '17.30', 0),
(45, 1, '1502712756', '33', 'company', '8.00', '17.00', 0),
(46, 1, '1502799156', '33', 'company', '8.00', '18.00', 0),
(47, 1, '1502885556', '33', 'company', '8.00', '17.00', 0),
(48, 1, '1502971956', '33', 'company', '8.00', '17.00', 0),
(49, 1, '1503051860', '33', 'company', '9.00', '18.30', 0),
(53, 1, '1503327471', '34', 'company', '8.00', '17.00', 0),
(57, 1, '1503413604', '34', 'company', '9.00', '18.00', 0),
(64, 1, '1503501805', '34', 'company', '8.30', '17.30', 0),
(70, 1, '1503585124', '34', 'company', '8.00', '17.00', 0),
(71, 1, '1503671750', '34', 'company', '7.40', '16.40', 0),
(72, 1, '1503929338', '35', 'company', '8.00', '17.00', 0),
(73, 1, '1504015819', '35', 'company', '8.15', '16.15', 0),
(74, 1, '1504102033', '35', 'company', '8.15', '17.45', 0),
(75, 1, '1504190434', '35', 'company', '8.00', '17.00', 0),
(76, 1, '1504287373', '35', 'company', '7.45', '16.45', 0),
(77, 1, '1504536778', '36', 'company', '8.00', '17.00', 0),
(78, 1, '1504594633', '36', 'company', '8.00', '18.30', 0),
(79, 1, '1504708905', '36', 'company', '8.45', '17.45', 0),
(80, 1, '1504792523', '36', 'company', '8.30', '17.30', 0),
(81, 1, '1504862432', '36', 'company', '8.30', '18.00', 0),
(82, 1, '1505142338', '37', 'company', '8.00', '17.00', 0),
(83, 1, '1505221830', '37', 'company', '8.30', '17.30', 0),
(84, 1, '1505317805', '37', 'company', '8.20', '17.50', 0),
(85, 1, '1505397994', '37', 'company', '8.00', '17.00', 0),
(86, 1, '1505485351', '37', 'company', '9.15', '18.15', 0),
(87, 1, '1505754881', '38', 'company', '9.00', '19.30', 0),
(88, 1, '1505817193', '38', 'company', '8.30', '16.00', 0),
(89, 1, '1505917489', '38', 'company', '8.00', '17.00', 0),
(90, 1, '1506003412', '38', 'company', '7.30', '16.30', 0),
(91, 1, '1506094387', '38', 'company', '8.45', '17.45', 0),
(92, 1, '1506344789', '39', 'company', '9.00', '18.00', 0),
(93, 1, '1506431189', '39', 'company', '8.45', '17.45', 0),
(94, 1, '1506517589', '39', 'company', '8.30', '17.30', 0),
(95, 1, '1506603989', '39', 'company', '8.45', '17.45', 0),
(96, 1, '1506682470', '39', 'vacation', '0', '0', 0),
(97, 1, '1506941670', '40', 'vacation', '0', '0', 0),
(98, 1, '1507114470', '40', 'company', '7.30', '16.30', 0),
(99, 1, '1507200870', '40', 'company', '8.00', '17.00', 0),
(100, 1, '1507287270', '40', 'company', '8.00', '17.30', 0),
(101, 1, '1507546470', '41', 'company', '7.30', '16.30', 0),
(106, 1, '1507643775', '41', 'company', '7.30', '16.30', 0),
(107, 1, '1507730727', '41', 'company', '7.15', '16.15', 0),
(108, 1, '1507789629', '41', 'company', '8.00', '13.00', 0),
(109, 1, '1507905294', '41', 'company', '9.00', '17.30', 0),
(110, 1, '1508162565', '42', 'company', '7.30', '16.30', 0),
(111, 1, '1508248975', '42', 'company', '7.30', '16.30', 0),
(112, 1, '1508338879', '42', 'company', '9.00', '18.00', 0),
(117, 1, '1507024521', '40', 'holiday', '0', '0', 0),
(120, 1, '1508420940', '42', 'company', '7.30', '16.30', 0),
(123, 1, '1508512453', '42', 'company', '9.00', '18.00', 0),
(124, 1, '1508767204', '43', 'company', '7.30', '16.30', 0),
(129, 1, '1508859958', '43', 'company', '9.00', '18.00', 0),
(134, 1, '1508943192', '43', 'company', '8.45', '17.45', 0),
(137, 1, '1509408000', '44', 'holiday', '0', '0', 0),
(148, 1, '1509033055', '43', 'company', '7.15', '16.15', 0),
(152, 1, '1509101749', '43', 'company', '8.30', '15.30', 0),
(153, 1, '1509401164', '44', 'school', '9.30', '15.00', 0),
(154, 1, '1509494400', '44', 'school', '9.30', '15.00', 0),
(155, 1, '1509580800', '44', 'school', '10.15', '15.00', 0),
(156, 1, '1509715416', '44', 'school', '8.30', '13.45', 0),
(157, 1, '1509982359', '45', 'company', '7.15', '17.15', 0),
(158, 1, '1510055316', '45', 'school', '7.45', '13.00', 0),
(159, 1, '1510137039', '45', 'school', '9.30', '15.00', 0),
(160, 1, '1510236063', '45', 'school', '8.30', '15.00', 0),
(161, 1, '1510322951', '45', 'school', '11.30', '14.00', 0),
(162, 1, '1510581105', '46', 'school', '9.30', '15.00', 0),
(163, 1, '1510650664', '46', 'school', '7.45', '11.00', 0),
(164, 1, '1510755114', '46', 'school', '9.30', '15.00', 0),
(165, 1, '1510847183', '46', 'school', '10.15', '16.45', 0),
(166, 1, '1510940604', '46', 'school', '8.00', '18.45', 0),
(167, 1, '1511191743', '47', 'company', '7.15', '16.15', 0),
(168, 1, '1511279598', '47', 'company', '8.30', '17.30', 0),
(169, 1, '1511364138', '47', 'company', '9.00', '16.15', 0),
(170, 1, '1514363137', '52', 'vacation', '0', '0', 0),
(171, 1, '1514449537', '52', 'vacation', '0', '0', 0),
(172, 1, '1514535937', '52', 'vacation', '0', '0', 0),
(173, 1, '1515399937', '2', 'vacation', '0', '0', 0),
(174, 1, '1515140737', '1', 'vacation', '0', '0', 0),
(175, 1, '1515054337', '1', 'vacation', '0', '0', 0),
(176, 1, '1514967937', '1', 'vacation', '0', '0', 0),
(177, 1, '1514881537', '1', 'vacation', '0', '0', 0),
(178, 1, '1513326337', '50', 'company', '8.00', '17.00', 0),
(179, 1, '1514795137', '1', 'holiday', '0', '0', 0),
(180, 1, '1511452903', '47', 'company', '8.15', '17.15', 0),
(181, 1, '1511543314', '47', 'company', '9.00', '18.00', 0),
(182, 1, '1511798920', '48', 'company', '8.20', '17.20', 0),
(183, 1, '1511885316', '48', 'company', '8.30', '17.30', 0),
(184, 1, '1511972653', '48', 'company', '8.20', '17.50', 0),
(185, 1, '1512057757', '48', 'company', '8.10', '17.10', 0),
(186, 1, '1512146323', '48', 'company', '9.00', '18.00', 0),
(187, 1, '1512403559', '49', 'company', '8.10', '17.10', 0),
(188, 1, '1512490569', '49', 'company', '9.10', '18.10', 0),
(189, 1, '1512578450', '49', 'company', '9.00', '18.00', 0),
(190, 1, '1512666699', '49', 'company', '9.00', '18.00', 0),
(191, 1, '1514160000', '52', 'holiday', '0', '0', 0),
(192, 1, '1514246400', '52', 'holiday', '0', '0', 0),
(193, 1, '1512752723', '49', 'company', '9.00', '18.00', 0),
(194, 1, '1513096487', '50', 'company', '8.00', '17.30', 0),
(195, 1, '1513010244', '50', 'company', '9.15', '19.15', 0),
(196, 1, '1513173921', '50', 'company', '8.30', '17.30', 0),
(197, 1, '1513256830', '50', 'company', '8.45', '15.15', 0),
(198, 1, '1513622768', '51', 'company', '6.00', '19.00', 0),
(199, 1, '1513723403', '51', 'company', '8.00', '22.00', 0),
(200, 1, '1513786469', '51', 'company', '8.20', '17.20', 0),
(201, 1, '1513877365', '51', 'company', '8.00', '18.30', 0),
(202, 1, '1513977497', '51', 'vacation', '0', '0', 0),
(203, 1, '1515508608', '2', 'company', '7.15', '16.15', 0),
(204, 1, '1515599046', '2', 'company', '8.00', '17.00', 0),
(205, 1, '1515691968', '2', 'company', '9.00', '19.00', 0),
(206, 1, '1515779306', '2', 'company', '9.00', '18.00', 0),
(207, 1, '1516007726', '3', 'school', '9.30', '15.00', 0),
(208, 1, '1516140476', '3', 'school', '7.45', '13.00', 0),
(209, 1, '1516197368', '3', 'school', '9.30', '15.00', 0),
(210, 1, '1516307445', '3', 'school', '10.15', '15.00', 0),
(211, 1, '1516338000', '3', 'school', '8.30', '14.15', 0),
(212, 1, '1516628907', '4', 'school', '9.30', '15.00', 0),
(213, 1, '1516716182', '4', 'school', '9.30', '15.00', 0),
(214, 1, '1516806316', '4', 'school', '9.30', '16.00', 0),
(215, 1, '1516895781', '4', 'school', '10.00', '16.00', 0),
(216, 1, '1516964305', '4', 'school', '8.30', '13.30', 0),
(217, 1, '1517250442', '5', 'school', '9.30', '14.30', 0),
(218, 1, '1517322516', '5', 'school', '7.45', '14.00', 0),
(219, 1, '1517374800', '5', 'school', '9.30', '13.30', 0),
(220, 1, '1517493938', '5', 'school', '8.30', '15.00', 0),
(221, 1, '1517586276', '5', 'company', '7.50', '16.50', 0),
(223, 1, '1517846347', '6', 'company', '8.00', '17.00', 0),
(224, 1, '1517936621', '6', 'company', '9.00', '18.00', 0),
(225, 1, '1518023049', '6', 'company', '9.00', '18.45', 0),
(226, 1, '1518108857', '6', 'company', '9.00', '18.00', 0),
(227, 1, '1518196166', '6', 'company', '9.00', '18.00', 0),
(228, 1, '1518451723', '7', 'company', '8.00', '17.30', 0),
(229, 1, '1518537261', '7', 'company', '8.00', '17.00', 0),
(230, 1, '1518624481', '7', 'company', '8.00', '17.00', 0),
(231, 1, '1518710427', '7', 'company', '8.00', '17.00', 0),
(232, 1, '1518800315', '7', 'company', '8.00', '18.00', 0);

-- --------------------------------------------------------

--
-- Tabellenstruktur für Tabelle `report_actions`
--

CREATE TABLE IF NOT EXISTS `report_actions` (
  `ID` int(11) NOT NULL AUTO_INCREMENT,
  `reportID` int(11) NOT NULL,
  `action` varchar(1000) NOT NULL,
  `time` float NOT NULL,
  PRIMARY KEY (`ID`)
) ENGINE=InnoDB  DEFAULT CHARSET=utf8 AUTO_INCREMENT=673 ;

--
-- Daten für Tabelle `report_actions`
--

INSERT INTO `report_actions` (`ID`, `reportID`, `action`, `time`) VALUES
(13, 13, 'H101 Switch ausgetauscht', 3),
(15, 13, 'Xbox Netzteil ausgetauscht', 2),
(16, 13, 'Mischpult Flex Aufbau am Trainer Laptop', 1),
(17, 13, 'Ausbildungsbericht System ', 2),
(18, 14, 'Besorgung bei Conrad (ext. USB Soundkarte)', 1),
(19, 14, 'Microsoft Kundensupport', 3),
(20, 14, 'Lernen ICND2', 4),
(21, 15, 'Paketlager aufgeräumt', 3),
(22, 15, 'Xbox Kinect Adapter eingebaut / getestet', 1),
(23, 15, 'Prag & Oslo Kursvorbereitung', 2),
(24, 15, 'Festplatte getestet', 1),
(25, 15, 'Lager aufgeräumt', 1),
(26, 16, 'Praktikanten betreuen', 4),
(27, 16, 'Zürich RAM einbauen in 9020', 1),
(28, 16, 'Zürich NIC''s umbauen 7040', 1),
(29, 16, 'Switch 2960 Password Recovery', 1),
(30, 16, 'Router on a Stick Aufbau & Configuration', 1),
(31, 17, 'Raumvorbereitung', 6),
(32, 17, 'Pakete versendet (DHL&GO!)', 1),
(33, 17, 'Praktikanten betreut', 1),
(34, 18, 'Lager neben MDS umräumen', 2),
(35, 18, 'Redhat Koala aufbauen', 1),
(36, 18, 'Technik Lager aufräumen', 1),
(37, 18, 'ICND2 lernen', 4),
(38, 19, 'Lagerschrank abmontiert/nach Madrid getragen', 4),
(39, 19, 'Redhat Koala abbauen', 1),
(40, 19, 'Redhat Koala wieder aufbauen', 1),
(41, 19, 'Lager neben MDS sauber gemacht', 1),
(42, 19, 'Baumarkt Pömpel besorgen', 1),
(43, 20, 'Kursunterlagen entsorgt', 1),
(44, 20, 'Paketlager Müllentsorgung', 1),
(45, 20, 'Kursraumtelefone gelabelt/MAC Adressen', 1),
(46, 20, 'Microsoft Kundensupport', 2),
(47, 20, 'London umgeräumt', 2),
(48, 20, 'Beamerersatzlampen Recherche', 1),
(49, 21, 'Xibo Stream Konfiguration', 1),
(50, 21, 'Kursraum Telefone ausgewechselt', 1),
(51, 21, 'Dell Einbaurahmen zuordnen', 1),
(52, 21, 'Aufräumen / ins Lager bringen', 1),
(53, 21, 'Xbox One Stromzufuhr getestet', 0.5),
(54, 21, 'Redhat Koala Prüfung abbauen', 1),
(55, 21, 'ICND2 Lernen', 1),
(56, 21, 'Pakete gepackt/versendet (FFM&BER)', 1),
(57, 21, 'MDS leer geräumt', 1),
(58, 22, 'Xbox One Test & Einbau', 1),
(59, 22, 'MDS Fegen & Netzteile Sortieren', 1),
(60, 22, 'Türklingel Lautsprecher gelötet', 1),
(61, 22, 'Raumvorbereitung', 5.5),
(62, 23, 'Kameraequipment einräumen', 1),
(63, 23, 'Technik Schrank aufräumen', 3),
(64, 23, 'Raumvorbereitung', 1),
(65, 23, 'Lager aufgeräumt', 1),
(66, 23, 'Defekte Geräte getestet', 1),
(67, 23, 'ICND2 Lernen', 1),
(68, 24, 'Beamer in Prag am Trainer Laptop', 1),
(69, 24, 'WLAN Probleme Rom', 4),
(70, 24, 'ICND2 Lernen', 3),
(91, 40, 'Steckdosenleisten nach Zürich', 0.5),
(92, 40, 'Druckerpatrone gewechselt', 1),
(93, 40, 'ICND2 Lernen', 2),
(94, 40, 'Berichtssystem Programmieren', 4.5),
(108, 42, 'PCs ausschlachten', 1.5),
(109, 42, 'PCs Zusammenbauen', 4),
(110, 42, 'Server Racks entladen', 1.5),
(111, 42, 'Drucker Patrone gewechselt', 0.5),
(112, 42, 'Technik aufgeräumt', 0.5),
(122, 43, 'APC testen & konfigurieren', 2),
(123, 43, 'Technik aufräumen nach Madrid bringen', 0.5),
(124, 43, 'Paket versendet Niederlande', 1),
(125, 43, 'Raumvorbereitung', 5),
(126, 45, 'Sprinter Inhalt ins Lager räumen', 1),
(127, 45, 'Server Racks Sockel anschrauben', 3),
(128, 45, 'Server Racks Blenden anbringen', 1),
(129, 45, 'Router zu den Racks tragen', 2),
(130, 45, 'Kleinigkeiten aus der Technik nach Madrid', 1),
(131, 46, 'TradeIn Ecke nach TC und MDS', 5),
(132, 46, '7040 Inventarisieren (RAM)', 3),
(133, 46, 'Paketversand nach Berlin', 1),
(134, 47, 'DB-60 Kabel gezählt,aufgerollt,sortiert', 1),
(135, 47, 'Festplatten geshreddert', 4),
(136, 47, 'Lager aufgeräumt', 1),
(137, 47, 'Technik aufgeräumt', 1),
(138, 47, 'CCNAX gelernt', 1),
(139, 48, 'DB-60 Kabel gezählt, aufgerollt, sortiert', 4),
(140, 48, 'Festplatten geshreddert', 1),
(141, 48, 'Madrid leer geräumt', 1),
(142, 48, 'Recyclinghof Entsorgungen', 1),
(143, 48, 'Papier ins Buchhaltungslager', 1),
(145, 49, 'Festplatte geshreddert', 1),
(146, 49, '7040 RAM Übersicht aktualisiert', 2),
(147, 49, 'TradeIn Telefone sortiert,verpackt,gelabelt', 1),
(148, 49, 'Raumvorbereitung', 4.5),
(156, 53, 'CCNAX Lernen', 3.5),
(157, 53, 'Server Rack Schienen montiert', 1),
(158, 53, 'Server Rack mit Hardware befüllen', 3.5),
(164, 57, 'CCNAX Lernen', 3),
(165, 57, 'Severraum Lab Verkabeln', 3),
(166, 57, 'Berichtsystem programmiert', 1),
(168, 57, 'WIC Karten aus der Inventur streichen', 1),
(174, 64, 'WIC/VIC Karten aus Inventur Excel austragen', 4),
(175, 64, 'Serverraum Lab Verkabelung', 2),
(176, 64, 'CCNAX Lernen', 1),
(177, 64, 'Berichtssystem Programmieren', 1),
(183, 70, 'WIC/VIW Karten aus Inventur Excel austragen', 2.5),
(184, 70, 'Berichtsheft System Programmiert', 2.5),
(185, 70, 'Starthilfe leisten PKW', 1.5),
(186, 70, 'CCNAX Lernen', 1.5),
(187, 71, 'WIC/VIW Karten aus Inventur Excel austragen', 1),
(188, 71, 'Uni Klinikum Itzehoe Onside Kurs Aufbau', 3),
(189, 71, 'Henstedt-Ulzburg Sprinter abholen', 2),
(190, 71, 'Raumvorbereitung', 1),
(191, 71, 'Drucker Probleme Adobe Acrobat', 1),
(192, 72, 'WIC/VIW Karten aus Inventur Excel austragen', 1.5),
(193, 72, 'Schrauben sortiert', 2),
(194, 72, 'SAS-Kabel sortiert, aufgerollt', 1),
(195, 72, 'Terminal Server Statische Route und IP Adressen konfiguriert', 1.5),
(196, 72, 'TradeIn Telefone ins Lager geräumt', 1),
(197, 72, 'Serverraum Verbindungen überprüfen', 1),
(198, 73, 'Serverraum Kabelverbindungen überprüfen ', 1),
(199, 73, 'Lager ausmisten ', 2.5),
(200, 73, 'Alte Hardware aus der Inventur austragen ', 1.5),
(201, 73, 'Kursvorbereitung Rechner Imagen ', 2),
(202, 74, 'Lager aufräumen', 2.5),
(203, 74, 'Netzteil auseinander gebaut', 1),
(204, 74, 'Kamera Treiber installieren', 1),
(205, 74, 'Router aus der Inventur austragen', 1),
(206, 74, 'UCS Testen', 1),
(207, 74, 'Laptops Imagen win10', 1.5),
(208, 74, 'Technik Schränke tragen', 0.5),
(209, 75, 'Werkzeug einordnen ', 2),
(210, 75, 'Glühbirnen einordnen ', 0.5),
(211, 75, 'Schränke tragen in der Technik', 1),
(212, 75, 'Kursvorbereitung Rechner tragen', 4.5),
(213, 76, 'Uni Klinikum Itzehoe Onside Kurs Hardware abbauen/abholen', 4),
(214, 76, 'FlexKit nach FFM geschickt', 0.5),
(215, 76, 'Raumvorbereitung', 3.5),
(216, 77, 'CCNAX Schulung/IPv4/IP Ranges/Routing/Switching/Netzwerke', 8),
(217, 78, 'CCNAX Schulung / IPv6 / Access-Listen / NAT / DHCP', 8.5),
(218, 79, 'CCNAX Schulung / IPv6 / RIPv2 / Port-Security / Password', 8),
(219, 80, 'CCNAX Schulung / EIGRP / OSPF', 8),
(220, 81, 'CCNAX Schulung/SNMP/QoS/Password Recovery/Licensing', 5),
(221, 81, 'Raumvorbereitung', 3.5),
(222, 82, 'PCs testen und reparieren', 3),
(223, 82, 'Server Labs Verkabelung protokollieren & abbauen', 5),
(224, 83, 'DHL Paketversand (Münster)', 0.5),
(225, 83, 'Labs abbauen & protokollieren', 7.5),
(226, 84, 'Hardware nach Frankfurt einladen', 0.5),
(227, 84, 'Cisco Switche Password Recovery / Factory Defaults', 6),
(228, 84, 'Paketversand Cisco Telefone nach Berlin ', 0.5),
(229, 84, 'Zürich Raumvorbereitung', 0.5),
(230, 84, 'Aufräumen Kleinigkeiten', 0.5),
(231, 85, 'BiLi Gespräch in der Beruchsschule', 2),
(232, 85, 'Laptops Imagen & verpacken', 2),
(233, 85, 'Raumvorbereitung', 3),
(234, 85, 'Berichtsheft programmieren', 1),
(235, 86, 'Cisco Switche Password Recover&Factory Default&Ports testen', 7),
(236, 86, 'Raumvorbereitung', 1),
(237, 87, 'Kursvorbereitung Troubleshooting Beamer', 1),
(238, 87, 'Programmieren Berichtsheftsystem', 4),
(239, 87, 'Aufräumen / Lager umsortieren / neu anordnen', 3),
(240, 87, 'Redhat Koala Prüfung abbauen', 0.5),
(241, 88, 'WIC Karten aus der Inventur ausgetragen', 1),
(242, 88, 'Lager beschriftet', 2),
(243, 88, 'Berichtsheft schreiben', 1),
(244, 88, 'Technik Kisten etikettieren', 1),
(245, 88, 'Cisco Switches Reset / Password Recovery', 1.5),
(246, 89, 'Beamer getestet auf Lebensdauer', 2),
(247, 89, 'Lager einsortiert & beschriftet', 1.5),
(248, 89, 'Support Raum aufgeräumt / entrümpelt', 1),
(249, 89, 'Berichtsheft Glossar eingerichtet', 2),
(250, 89, 'Kurs Support Switch Verkabelung & APs', 1.5),
(251, 87, 'UCS RAM austauschen', 1),
(252, 90, 'Kabelleisten angeschraubt', 5),
(253, 90, 'Strom Verlängerungskabel gekauft', 0.5),
(254, 90, 'Support Raum umgeräumt / neu verkabelt', 1.5),
(255, 90, 'Voice Kurs Kiste verpackt ', 1),
(256, 91, 'Kabelleisten angeschraubt', 3),
(257, 91, 'Raumvorbereitung Tabelle erstellt', 1),
(258, 91, 'Staubsaugerhalterungen angebracht', 0.5),
(259, 91, 'Raumvorbereitung', 3.5),
(260, 96, 'Urlaub', 0),
(261, 97, 'Urlaub', 0),
(262, 98, 'CCNA lernen (IPv6, Subnetting, VLAN)', 6),
(263, 98, 'Dell 7040 Rechner abmontieren und verpacken', 1),
(264, 98, 'Abholung der Hardware veranlassen (DGUV) onsite', 1),
(265, 99, 'CCNA lernen (OSPF, EIGRP)', 3),
(266, 99, 'Beamer testen (Lebensdauer, Zubehör)', 1),
(267, 99, 'Raumvorbereitung (Imagen, Software, Rechner Aufbau)', 4),
(268, 100, 'Uni Klinikum Itzehoe Onsite Aufbau', 4),
(269, 100, 'Broschüren Lieferung reintragen', 0.5),
(270, 100, 'Raumvorbereitung', 4),
(271, 101, 'Paris aufräumen (Ordnung schaffen)', 1),
(272, 101, 'Oslo, Prag, Athen Räume checken', 1),
(273, 101, 'Telefon Support (Beamer)', 0.5),
(274, 101, 'Rechner Imagen, verpacken, versenden BER', 2.5),
(275, 101, 'Hardware aus dem Lager holen, verpacken', 2),
(276, 101, 'getestete Beamer eine Liste erstellen', 1),
(277, 92, 'Raumvorbereitung & Räume überprüfen', 1),
(278, 92, 'WLAN Troubleshooting', 0.5),
(279, 92, 'CCNA lernen (Routing & Switching Basics)', 4),
(280, 92, 'Cisco 2960 Switches ausbauen,verpacken,versenden', 2.5),
(281, 93, 'Cisco 2960 Switches ausbauen, verpacken, versenden', 2.5),
(282, 93, 'CCNA lernen (Subnetting, OSI/TCP-IP Modelle)', 5.5),
(283, 94, 'Wolfsburg VW Hardware Abholung veranlassen', 0.5),
(284, 94, 'CCNA lernen (OSPF, Spanning-Tree, BGP)', 5.5),
(285, 94, 'Raumvorbereitung (Rechner Aufbau & Imagen)', 2),
(286, 95, 'Raumvorbereitung (Rechner Aufbau & Imagen)', 4),
(287, 95, 'Leergut rausgestellt', 0.5),
(288, 95, 'Berichtsheft gepflegt', 1),
(289, 95, 'CCNA lernen (IPv6, Subnetting, VLAN)', 2.5),
(290, 106, 'Hardware ausbauen, verpacken, versenden FFM&Itzehoe', 4),
(291, 106, 'Zeitungsartikel Scannen', 0.5),
(292, 106, 'Laptops anschließen & Imagen', 1),
(293, 106, 'Berichtsheft gepflegt', 1),
(294, 106, 'ICND2 lernen (VLAN, ARP)', 1.5),
(295, 107, 'Laptops Imagen & Software aufspielen & verpacken', 1.5),
(296, 107, 'Cisco Switch C3750 PoE Ports testen, Factory Default', 1),
(297, 107, 'Hardware verpacken, versenden (MUC)', 2),
(298, 107, 'ICND2 lernen (ACL, OSPF)', 2.5),
(299, 107, 'Berichtsheft gepflegt', 1),
(300, 108, 'Uni Klinikum Itzehoe Onsite Abbau', 3),
(301, 108, 'PDF bearbeiten(VMWare Airwatch Lab)&konvertieren zu Word', 1),
(302, 108, 'ICND2 lernen (Subnetting)', 1),
(303, 109, 'Raumvorbereitung', 5),
(304, 109, 'ICND2 lernen (QoS, Port Security)', 1.5),
(305, 109, 'PDF bearbeiten (Dokumentation angefertigt)', 1),
(306, 110, 'ICND2 lernen (Switching, Routing, Subnetting, Networks)', 7.5),
(307, 110, 'Telefonsupport (FlexKit Aufbau, WebEx)', 0.5),
(308, 111, 'RJ45 Stecker an Kabel crimpen', 1),
(309, 111, 'Verstopfte Toilette frei machen', 1),
(310, 111, 'ICND2 lernen (STP, VTY, VLAN)', 6),
(311, 112, 'Pakete verpackt C2960-8 PoE (Afrika)', 0.5),
(312, 112, 'Lager aufgeräumt (Kabel aufgewickelt)', 1),
(313, 112, 'ICND2 lernen (VLAN, Switching, Subnetting)', 6.5),
(318, 117, 'Tag der deutschen Einheit', 0),
(322, 120, 'Programmieren (PHP, HTML, CSS, SQL)', 6),
(323, 120, 'Berichtsheft gepflegt', 1),
(324, 120, 'Hausnetz Switch ausgetauscht, verkabelt, getestet', 1),
(330, 123, 'Programmieren (PHP, HTML, CSS, SQL)', 4),
(331, 123, 'Aktenschredder repariert', 0.5),
(332, 123, 'Raumvorbereitung', 3.5),
(333, 124, 'Java programmiert. (Mit Peter)', 3),
(334, 124, 'IT-Ordnungsdienst Dokument aufgesetzt', 1),
(335, 124, 'IT-Ordnungsdienst durchgeführt', 2),
(336, 124, 'Switch 2960-8 PoE zurückgesetzt', 0.5),
(337, 124, 'Computer reparieren, Troubleshooten', 1.5),
(343, 129, 'Dell Optiplex 990 repariert', 1),
(344, 129, 'Lager aufgeräumt Kisten einsortiert', 0.5),
(345, 129, 'Telefon Support', 1),
(346, 129, 'Programmieren (HTML, CSS, Javascript, PHP, SQL)', 5.5),
(351, 134, 'Voice Mobile Case Inhalt geprüft & verpackt', 3),
(352, 134, 'Cisco Meraki Lab aufgebaut', 3),
(353, 134, 'Berichtsheft gepflegt', 1),
(354, 134, 'ICND2 lernen (Subnetting)', 1),
(358, 137, 'Reformationstag', 0),
(372, 148, 'IT-Ordnungsdienst Checkliste angefertigt', 2),
(373, 148, 'Lager aufgeräumt', 2),
(374, 148, 'Serverräume aufgeräumt', 1),
(375, 148, 'Drucker Bezeichnungen erfasst, Tonerstatus, Papier nachgefüllt', 0.5),
(376, 148, 'Meeting mit Arne und Boris bzgl. Ordnungsdienst', 1),
(377, 148, 'Redhat Koala Prüfungs Laptop ordentlich gemacht', 1),
(378, 148, 'Programmieren (PHP, CSS, HTML, SQL)', 0.5),
(384, 152, 'Raumvorbereitung (Rechner Imagen, Software aufspielen, Raum herrichten)', 4.5),
(385, 152, 'Cisco Switch 2690 auf Factory Default zurückgesetzt, Ports getestet.', 0.5),
(386, 152, 'Programmieren (PHP, CSS, HTML, SQL)', 0.5),
(387, 152, 'DVI Kabel Kontakte repariert', 0.5),
(388, 153, 'Moodle Registrierung', 1.5),
(389, 153, 'Schulvorstellung & Rundgang', 1),
(390, 153, 'Organisatorisches', 1),
(391, 153, 'Kennenlernen', 1.5),
(392, 154, 'Orientierungswoche Skil', 1),
(393, 154, 'Moodle Einführung', 2.5),
(394, 154, 'Mahara einrichten', 2),
(395, 155, 'Organisatorisches Klassenliste, Schülerausweis, Parkausweis', 2),
(396, 155, 'Skil Grafiz erstellen', 1),
(397, 155, 'Leitbild erfassen und vortragen nach eigenen Schwerpunkten', 1.75),
(398, 156, 'IT-WS Zahlensysteme Binär Dual Oktal Hex umrechnen', 3.25),
(399, 156, 'GuS Teambuilding Vertrauensaufgaben', 2),
(400, 157, 'IT-Ordnungsdienst Checkliste überarbeitet', 0.5),
(401, 157, 'Raumvorbereitung (Dublin imagen)', 1),
(402, 157, 'Secion Trainer in die Technik einweisen', 1),
(403, 157, 'Cisco 1900 Series Router testen, Factory Default', 0.5),
(404, 157, 'Termin für ICND2 schedulen. (15.12.17?)', 0.5),
(405, 157, 'Meraki Lab verkabeln', 1.5),
(406, 157, 'Berufsschul-Hausaufgaben Zahlensysteme umrechnen', 1.5),
(407, 157, 'Sprinter Reparaturen', 1),
(408, 157, 'Berufsschule Organisation', 0.5),
(409, 158, 'AE-M SQL relationale Datenbanken, ERM', 4),
(410, 158, 'Lerncoaches stellen sich vor', 1.25),
(411, 159, 'IT-M Modulvorstellung', 1),
(412, 159, 'IT-M Thema Peripherie aufbereitet in der Gruppe, Webseite erstellt', 4.5),
(413, 160, 'IT-M Webseite Peripherie mit Inhalt füllen, Design', 1.5),
(414, 160, 'OuG Organisatorisches klären, Arbeitsauftrag geklärt.', 1.5),
(415, 160, 'OuG Nutzwertanalyse, Rechenwesen, Einkauf / Verkauf Rechnungen', 3.5),
(416, 161, 'GuS Organisatorisches S.M.A.R.T Ziele + Mahara', 1),
(417, 161, 'GuS Aufwärmspiel, Badminton', 1.5),
(418, 162, 'IT-WS Umrechnung Zahlensysteme, Präfixe und Einheiten', 3.5),
(419, 162, 'FE-M IT Sentence eigene Meinung vorstellen', 2),
(420, 163, 'OuG Nutzwertanalyse Baumarkt Projekt', 2.25),
(421, 163, 'OuG Angebotstext Baumarkt Projekt', 1),
(422, 164, 'IT-M Peripherie Geräte Lernstation vorbereiten (Multiple Choice Test erstellen & Webseite)', 1.5),
(423, 164, 'IT-M Lernstationen bearbeiten (Speicher, CPU, GPU, Mainboard, Netzteil)', 4),
(424, 165, 'OuG Präsentation und Besprechung Handelskalkulation und Nutzwerkanalyse', 1),
(425, 165, 'AE-M ERM Modell erstellt, PDF Dokumentation, Lehrer Inputs über Fremd&Primärschlüssel', 4),
(426, 165, 'SuK Bodylanguage und Betonung. Wie sich die Bedeutung subjektiv ändern kann', 1.5),
(427, 166, 'WuG Frühstücke, Klassensprecherwahl, Feedback Runde', 4),
(428, 166, 'Google Zukunftswerkstatt (Google Werbung) Marketing, Analytics', 2),
(429, 166, 'Firma einberufen: Raumvorbereitung, Hardware tragen, imagen, Software installieren, Treiber', 4.75),
(430, 167, 'Raumvorbereitung Räume prüfen, Rechner Softwarescript', 1.5),
(431, 167, 'Serverraum APC überprüfen und konfigurieren', 1),
(432, 167, 'Technik aufgeräumt', 0.5),
(433, 167, 'Google Zukunftswerkstatt E-Marketing, E-Commerce, Searchengines', 5),
(434, 168, 'Google Zukunftswerkstatt. Online-Shops, Marketing, Displaywerbung, Zertifikat bestanden', 3),
(435, 168, 'PC repariert, Troubleshooten, RAM defekt.', 1),
(436, 168, 'ICND2 gelernt, QoS, Radius, Tacas+,, 802.1x', 2.5),
(437, 168, 'Anwendungsentwickler Tisch raustragen, auseinanderbauen, einlagern', 0.5),
(438, 168, 'Powershell Basics angeeignet, cmd.exe befehle Handhabung', 1),
(439, 169, 'Debian und Apache2 Konfiguration', 2.5),
(440, 169, 'Ubuntu Server Installation', 1),
(441, 169, 'Cisco Packet Tracer Topology aufgebaut', 1.25),
(442, 169, 'ICND2 gelernt OSPF', 1),
(443, 169, 'Web Server einrichten', 0.5),
(444, 170, 'Betriebsferien', 0),
(445, 171, 'Betriebsferien', 0),
(446, 172, 'Betriebsferien', 0),
(447, 173, 'Urlaub', 0),
(448, 174, 'Urlaub', 0),
(449, 175, 'Urlaub', 0),
(450, 176, 'Urlaub', 0),
(451, 177, 'Urlaub', 0),
(452, 178, 'ICND2 Prüfung geschrieben', 4.5),
(453, 178, 'Raumvorbereitung. Rechner Imagen, Software aufspielen, Treiber installieren', 3),
(454, 179, 'Silvester', 0),
(455, 180, 'Raumvorbereitung Dublin, Madrid Rechner Imagen', 1),
(456, 180, 'C# Sascha geholfen', 0.5),
(457, 180, 'Webdesign erstellt CSS, HTML', 2),
(458, 180, 'Webseiten optimiert PHP, HTML, Javascript, CSS', 2),
(459, 180, 'Webserver aufgesetzt und eingerichtet Apache2, Ubuntu Server', 2.5),
(460, 181, 'Rechner Umbau RAM, SSD', 1),
(461, 181, 'Raumvorbereitung Rechner aufbauen, Imagen, Software installieren ', 4),
(462, 181, 'Webseite Design, Programmierung ', 3),
(463, 182, 'Rechner Imagen für Onsite, Software, Treiber, Win10', 1),
(464, 182, 'IT-Ordnungsdienst, Drucker, Räume checken etc.', 1),
(465, 182, 'Kryptologie lernen AES-256, SecureText Webseite entwickelt. ', 5),
(466, 182, 'Rechner umbauen, testen', 0.5),
(467, 182, 'IT-Büro aufgeräumt, Bladeserver Modul nach TradeIn', 0.5),
(468, 183, 'IT-Ordnungsdienst. Aufräumen, Drucker prüfen, Drucker Wartungskit Marktanalyse, Tonertausch', 2),
(469, 183, 'SSD Festplatten aus Rechnern ausgebaut London', 0.5),
(470, 183, 'London Verkabelung umbauen, wiederherstellen', 1),
(471, 183, 'Türklingel Defekt untersucht', 0.5),
(472, 183, 'Hausnetz Infrastruktur angeguckt', 0.5),
(473, 183, 'Produktives Konzept ermittelt zur automatischen Katalogisierung unserer Hardware. (Leases, DHCP, VLAN, MAC)', 1),
(474, 183, 'PHP Script mit SQL Abfragen erstellt für automatische katalogisierung unserer Hardware. (SQL, PHP, SQL-JOINS)', 2.5),
(475, 184, 'SQL gelernt, JOINS, Subquerys, HAVING, GROUP BY', 3.5),
(476, 184, 'Paketversand nach Wien, Versandkosten geklärt, verpackt, verschickt', 3),
(477, 184, 'FlexKit Kiste Schaumstoff geklebt', 1),
(478, 184, 'Drucker repariert (HP Laserjet 4250), Drucker Wartungskit recherchiert', 1),
(479, 185, 'FlexKit-4 verpackt, getestet, beschriftet, verschickt (nach FFM) GO!', 4),
(480, 185, 'Dell Docking Station verschickt, DHL', 0.5),
(481, 185, 'NAT Router verschickt, GO! an Carsten Stalfort', 0.5),
(482, 185, 'Ubuntu Server Installation, Konfiguration, Domain Registrierung, DNS Records anpassen', 2.5),
(483, 185, 'Drucker repariert (HP Laserjet 4250) Papierstau', 0.5),
(484, 186, 'Monitoring Programm entwickelt und angefangen zu Schreiben (SQL, PHP, PowerShell)', 3),
(485, 186, 'IT-Clearupservice. Drucker Kontrolle, Raumkontrolle', 0.5),
(486, 186, 'Raumvorbereitung, Treiber Installation, Rechner Imagen', 3),
(487, 186, 'Imageserver und CLI angeguckt. Arbeitsweise bekannt gemacht', 1),
(488, 186, 'Headset ausgetauscht', 0.5),
(489, 187, 'Prag ausgeräumt, ins Lager geräumt (No PC)', 2.5),
(490, 187, 'Beamer aufgebaut, eingestellt (Rom)', 0.5),
(491, 187, 'Monitoring System auf dem Imageserver eingerichtet, getestet, Bugfixes (PHP, SQL, Perl, JavaScript, HTML, CSS, Crontabs)', 5),
(492, 188, 'Joblisten der Image Dateien erklärt bekommen. Script geschrieben zum Joblist erstellen', 1.5),
(493, 188, 'Inhouse/Telefon Support (WebEx, Kursvorbereitet, Software Installiert)', 1),
(494, 188, 'Ubuntu Server konfiguriert (Apache2, mcrypt, phpmyadmin, Virtual Hosts, DNS Domain Records angepasst)', 4),
(495, 188, 'Gedanken gemacht über Verbesserungsmöglichkeiten (Automatisierte Abläufe)', 1),
(496, 189, 'London aufgebaut, geimaged, Oracle, Tiger VMC', 1.5),
(497, 189, 'Webserver Virtualbox installiert, KVM durchgelesen', 2),
(498, 189, 'Berichtsheft System Programmiert. Statistiken eingefügt', 3),
(499, 189, 'Gerüst ins Edeka Lager getragen', 0.5),
(500, 189, 'Lager aufgeräumt', 1),
(501, 188, 'Berichtshefte August bis November abgegeben zur Kontrolle', 0.5),
(503, 190, 'Berichtsheft Statistiken implementiert (SQL Querys, PHP)', 3.5),
(504, 190, 'London Beamer splitten', 0.5),
(505, 190, 'Image Server Hamburg und Berlin Monitoring Tool in Berlin eingeführt', 3.5),
(506, 190, 'Stühle aus Prag nach hinten schieben', 0.5),
(507, 191, '1. Weihnachtsfeiertag', 0),
(508, 192, '2. Weihnachtsfeiertag', 0),
(509, 193, 'Raumvorbereitung, Rechner Imagen, Software aufspielen, RAM austauschen', 4),
(510, 193, 'Monitoring Tool Bugfixes und Layout überarbeitet (SQL, PHP)', 3),
(511, 193, 'Infrastruktur von Standort Berlin angeguckt', 0.5),
(512, 193, 'Wartungsfenster für Druckerwartung angekündigt und vorbereitet', 0.5),
(513, 194, 'ICND2 Lernen Prüfungssimulationen', 6),
(514, 194, 'Prag Imagen, Software aufspielen, Treiber installiert', 1),
(515, 194, 'Küchendienst', 0.5),
(516, 194, 'Laptops für WIDESIGN Treiber installieren', 1),
(517, 195, 'ICND2 Fragen lernen', 5),
(518, 195, 'Prag mit Monitoren ausgestattet, verkabelt', 2),
(519, 195, 'Drucker Wartungskit eingebaut, Resettet, Konfiguriert (HP Laserjet 600 M602)', 2),
(520, 196, 'Küchendienst', 0.5),
(521, 196, 'Madrid Lampe austauschen, Deckenfluter', 0.5),
(522, 196, 'Datenbank Backups gemacht, Berichtsheft', 0.5),
(523, 196, 'ICND2 Prüfungssimulationen', 1.5),
(524, 196, 'ICND2 Fragen lernen', 1.5),
(525, 196, 'Berufsschule Vortrag über Datenschutz', 3.5),
(526, 197, 'Leergut rausgetragen', 0.5),
(527, 197, 'ICND2 Prüfungssimulation, Fragen lernen', 4.5),
(528, 197, 'Küchendienst', 0.5),
(529, 198, 'Berlin Anreise ', 4),
(530, 198, 'Berliner Labs abbauen ', 6),
(531, 198, 'Server Schränke abbauen / wegtragen ', 2),
(532, 178, 'UCS Bladeserver nach FFM geschickt', 0.5),
(533, 199, 'Berlin Transporter abholen ', 2.5),
(534, 199, 'Berlin Serverraum Abbau ', 2),
(535, 199, 'Transporter beladen mit 4 Server Racks, Router,  Switche, Terminal Server, Server', 2),
(536, 199, 'Transporter von Berlin nach Hamburg gefahren ', 4.5),
(537, 199, 'Transporter entladen in Hamburg ', 1.5),
(538, 199, 'Transporter Tanken und bei Sixt abgeben ', 0.5),
(539, 200, 'Office Pakete reingetragen', 0.5),
(540, 200, 'Dell 5050 Lieferung reingetragen', 0.5),
(541, 200, 'Dell 5050 PC''s ausgepackt, Zubehör ins Lager geräumt', 1),
(542, 200, 'IT-Clearupservice, Drucker checken, RedHat Prüfung vorbereitet', 1),
(543, 200, 'owncloud Installation auf Ubuntu Server, Apache konfiguration, PHP updaten auf 5.6', 2.5),
(544, 200, 'Reisekostenabrechnung für Berlin angefertigt', 0.5),
(545, 200, 'Nutzwertanalyse über Webspace angefertigt', 2),
(546, 201, 'Dell 5050 und 7040-M RAM tauschen', 2),
(547, 201, 'SSL Zertifikate und SSH Verbindungen gelernt', 2),
(548, 201, 'Apache2 Konfigurationen', 1),
(549, 201, 'Hardware aus Berlin ins MDS eingeschraubt', 3),
(550, 201, 'Serverschränke Sockel angeschraubt', 1.5),
(551, 202, 'Überstundenabbau', 0),
(552, 203, 'Ubuntu Server GUI einrichten', 0.5),
(553, 203, 'Office PC Bluescreen fixen', 1),
(554, 203, 'Cloud konfigurieren (PHP, Apache)', 3),
(555, 203, 'Email Client Konfiguration (Rainloop)', 1.5),
(556, 203, 'IT-Clearup Service (RedHat Koala aufbauen, Druckerpapier nachfüllen)', 1),
(557, 203, 'Dashboard programmiert und designed (HTML, CSS, JS)', 1),
(558, 204, 'Drucker Wartung angeregt, geplant, Teile besorgt', 1),
(559, 204, 'RAM nach Stuttgart geschickt (GO!)', 0.5),
(560, 204, 'NetApp Angebot und Geräte angeschaut für einen NetApp Vortrag', 2),
(561, 204, 'Dashboard programmiert (HTML, CSS, JS)', 0.5),
(562, 204, 'LibreofficeOnline Requirements und installation recherchiert', 1),
(563, 204, 'FlexKit Kisten verklebt und Schaumstoff ausgeschnitten', 3),
(564, 205, 'Cloud eingerichtet und abgesichert (SSH, SSL)', 1),
(565, 205, 'Cloud Optimierung (PHP config, PHP Memcaching, Redis-server)', 1),
(566, 205, 'FlexKit Kisten verpackt, mit Hardware bestückt', 3),
(567, 205, 'Laptopkisten, Schaumstoff ausschneiden, verkleben', 2),
(568, 205, 'Druckerwartung vorbereitet (Anleitung besorgt, Teile zusammengesammelt)', 0.5),
(569, 205, 'Druckerwartung durchgeführt (hp Laserjet 4250dtn), Druckergebnis überprüft', 1.5),
(570, 206, 'Laptop Kisten zusammengebaut', 0.5),
(571, 206, 'London, Wien, Paris aufgeräumt und hergerichtet', 1),
(572, 206, 'Paketlager entrümpelt', 1.5),
(573, 206, 'Tische in Prag aufgebaut', 0.5),
(574, 206, 'Glühlampen am Empfang ausgetauscht', 0.5),
(575, 206, 'H211 Lab an Strom angeschlossen', 0.5),
(576, 206, 'Raumvorbereitung, Rechner imagen, Rechner aufbauen', 1),
(577, 206, 'Smartphone nach Düsseldorf geschickt (DHL)', 0.5),
(578, 206, 'Ubuntu Server eingerichtet mit Email und Cloud', 2),
(579, 207, 'IT-WS: Codierung (BCD, ASCII, Binär, Dual, Dezimal, Paritätsbit)', 4.5),
(580, 207, 'FE-WS: Klausurthemen, Jobbeschreibungen, Firmenvokabular', 1),
(581, 208, 'AE-M: Organisatorisches, Klausuren (AE-M, OuG), Baumarkt Datenbank, 1,2,3 Normalform von Datenbanken', 3.25),
(582, 208, 'SuK: Klausurthemen SuK, Gesprächsrahmen, Sender & Receiver, Active Listening', 2),
(583, 209, 'IT-M: Klausurthemen, Einstieg Elektrotechnik, Sicherheits Regeln', 1.5),
(584, 209, 'IT-M: Grundlagen auffrischen, Spannung, Strom, Stärke, Ladung, Widerstand', 4),
(585, 210, 'Chicago Reise Infofmationstreffen', 0.75),
(586, 210, 'AE-M: Aggregatfunktionen, Datenbank Design, JOINS', 2),
(587, 210, 'AE-M: CREATE, ALTER, INSERT, DELETE, UPDATE, GROUP BY, ORDER BY,  HAVING, WHERE, JOINS ', 2),
(588, 211, 'WuG: Ausbildungsgesetze, Auszubildenden Rechte', 2),
(589, 211, 'SuG: Fit sein erhöht das Gehalt. SMART Ziele angesprochen', 1),
(590, 211, 'SuG: Wandball, Badminton', 2.75),
(591, 212, 'Projekt_01: Ablaufbesprechung', 1.5),
(592, 212, 'Projekt_01: Kundengespräch vorbereitet', 1.5),
(593, 212, 'Projekt_01: Kundengespräch durchgeführt, in verschiedenen Rollen', 1.5),
(594, 212, 'Projekt_01: Datenbank Design überarbeitet', 1),
(595, 213, 'Projekt_01: Projektplanungsboards besprochen', 1),
(596, 213, 'Projekt_01: Datenbank erstellt', 2.5),
(597, 213, 'Projekt_01: Datenbank optimiert und eingerichtet', 1.5),
(598, 213, 'Projekt_01: Datenbank mit Inhalt Beispielinhalt füllen', 0.5),
(599, 214, 'Projekt_01: Datenbank Createscript überarbeitet', 1),
(600, 214, 'Projekt_01: Datenbank Insertscript erstellt und kontrolliert', 1),
(601, 214, 'Projekt_01: Datenbank Abfragenscript erstellt und kontrolliert', 4.5),
(602, 215, 'Projekt_01: Datenbank Querys geschrieben ', 0.5),
(603, 215, 'Projekt_01: Datenbank ausgedruckt und zur Schau gestellt ', 1),
(604, 215, 'Projekt_01: Fremde Datenbanken analysiert ', 1),
(605, 215, 'Projekt_01: Projektwochen Aufgabe abgegeben ', 0.5),
(606, 215, 'Projekt_01: 5 Minuten Pitch Präsentation vorbereitet ', 1.5),
(607, 215, 'Projekt_01: Anderen Gruppen geholfen ', 1.5),
(608, 216, 'Projekt_01: 5 Minuten Pitch Präsentation vorbereitet ', 1),
(609, 216, 'Projekt_01: Pitch Präsentationen angehört und selbst gehalten ', 2),
(610, 216, 'Projekt_01: Raum aufräumen ', 0.5),
(611, 216, 'Projekt_01: Andere Klasse Ergebnisse angeguckt ', 1),
(612, 216, 'Projekt_01: Feedback und Abschlussbesprechung', 0.5),
(613, 217, 'IT-M: Klausur Vorbereitung Zahlensysteme, Codierung, Binär-/Dezimalpräfixe', 2),
(614, 217, 'IT-M: Klausur geschrieben (Note: 1)', 1.5),
(615, 217, 'Projekt_01: Pitch Präsentationen Feedback (Note: 1+)', 0.5),
(616, 217, 'FE-M: Englisch Klausurvorbereitung, Job&Company description ', 1),
(617, 218, 'OuG: Geschäftmodelle und verschiedene Geschäftshierarchien ', 2),
(618, 218, 'OuG: Stelle, Stab, Instanz, Projektorganisation Begriffe geklärt ', 0.75),
(619, 218, 'OuG: Gruppenaufgabe Geschäftshierarchie entwerfen ', 2.5),
(620, 218, 'FE-WS: Klausur geschrieben. Describe your Job and Company ', 1),
(621, 219, 'IT-M: Netzteil Stromkosten berechnet, Netzteil Arbeit, Leistung und Wirkungsgrad', 3),
(622, 219, 'SuK: Klausurthemen besprochen, Active Listening, Gesprächsrahmen, Four Sides Communication Model', 0.5),
(623, 219, 'Berichtsheftsystem, Schulnotenübersicht implementiert', 0.5),
(624, 220, 'SuK: Klausur geschrieben, Gesprächsrahmen, Active Listening, Four sides of communication model', 1.5),
(625, 220, 'OuG-M: Ereignis gesteuerte Prozesse, Modelle Projektplanung erstellt, Gesamt und freier Puffer ', 4),
(626, 220, 'Projekt_01: Datenbank vorgestellt (Note: 1)', 0.5),
(627, 220, 'GuS: Mahara SMART Ziel eingerichtet ', 0.5),
(628, 221, 'Lager, Getränkelager, IT-Räume, MDS aufgeräumt', 1.5),
(629, 221, 'Schränke aufgebaut, in die IT gestellt', 1.5),
(630, 221, 'Tarox aus dem Lager ins MDS verschoben', 1.5),
(631, 221, 'IT-Kursvorbereitung, Zürich ausgeräumt', 1),
(632, 221, 'Apache Server troubleshoot, Alias Problem gelöst', 0.5),
(633, 221, 'Webseite Programmiert, CSS, JS, PHP', 2),
(635, 223, 'Vorbereitung Resets, SuperPutty, vSphere, RemoteLabsClient1&3', 5.5),
(636, 223, 'NetApp Vortrag gehalten, Cluster, ONTAP, Storage', 0.5),
(637, 223, 'Reset ICND1 Pod1', 2),
(638, 224, 'Vortrag über unsere Firmen Infrastruktur angehört', 0.5),
(639, 224, 'VM''s revertet und restartet', 2),
(640, 224, 'UCS und Fabric Interconnects eingerichtet', 1.5),
(641, 224, 'Wireless Lab resettet, configs neu aufgespielt', 2.5),
(642, 224, 'Cisco Labs Geräte zurückgesetzt', 1),
(643, 225, 'Reset Schulung, Wireless Reset, MDS Reset, UCS Reset, VM''s reverten neustarten', 7),
(644, 225, 'HDMI Splitter in Dublin austauschen', 0.75),
(645, 225, 'Cisco Security Vortrag angehört', 0.5),
(646, 225, 'MDS Vortrag, NAS, SAN, Fiber Channel', 0.5),
(647, 226, 'Reset Schulung, Wireless Resets, WIFUND, WIDEPLOY, Versastack, Nexus, MDS, Licensing', 6),
(648, 226, 'CAPWAP, IOS, Access Points, Wireless Controller', 2),
(649, 227, 'Reset und Support Schulung, Voice, Nexus und Collaboration Resets', 6.25),
(650, 227, 'Redhat Prüfung Monitor Problem behoben', 0.5),
(651, 227, 'Redhat Prüfung defektes Cisco Telefon ausgetauscht', 0.25),
(652, 227, 'Im Serverraum UCS neugestartet', 0.5),
(653, 227, 'Cisco Collaboration Vortrag angehört', 0.25),
(654, 227, 'Cisco WebEx Vortrag angehört', 0.25),
(655, 224, '121Watt Monitore angeschlossen / Verkabelt', 0.5),
(656, 228, 'Dublin Verkabelung ordentlich gemacht', 0.25),
(657, 228, 'Support-Schulung Support bearbeitet. Lab gebucht, Access Daten verschickt, Netapp Reset gemacht', 6.75),
(658, 228, 'Support Programme eingerichtet und Telefon Weiterleitung', 1),
(659, 228, 'Absprache mit Boris bzgl. EMAN Layout ', 0.5),
(660, 229, 'Resets, wireless Resets APs WLCs Switch, Netapp Filer reset', 7.5),
(661, 229, 'Klebereste auf einem Tisch entfernt', 0.5),
(662, 230, 'Support. Kurs in Russland ASA Troubleshoot, NetApp Licensing, Android VM''s Vysor', 6),
(663, 230, 'H184 Lab UCS RAM getauscht', 0.5),
(664, 230, 'UCS resettet, VM''s reverted, Configs einspielen', 1.5),
(665, 231, 'Voice Resets VPN Tunnel einrichten', 4.5),
(666, 231, 'Support Troubleshoot Nexus N5K & N7K', 2),
(667, 231, 'UCS Filer Reset ', 1.5),
(668, 232, 'Support Schulung Access-Daten für Labs an den Kunden geschickt', 2),
(669, 232, 'Troubleshooten UCS labs. Configs und Policies / SAN Einstellungen checken', 2.5),
(670, 232, 'Raumvorbereitung. Rechner tauschen, verkabeln, imagen', 2.5),
(671, 232, 'Support-Schulung Feedback bekommen bzgl. Resets und Support', 0.5),
(672, 232, 'Support Troubleshooten Cisco Jabber Client Configuration ', 1.5);

-- --------------------------------------------------------

--
-- Tabellenstruktur für Tabelle `user`
--

CREATE TABLE IF NOT EXISTS `user` (
  `ID` int(11) NOT NULL AUTO_INCREMENT,
  `role` varchar(11) NOT NULL,
  `name` varchar(50) NOT NULL,
  `pass` varchar(50) NOT NULL,
  `email` varchar(50) NOT NULL,
  PRIMARY KEY (`ID`)
) ENGINE=InnoDB  DEFAULT CHARSET=utf8 AUTO_INCREMENT=4 ;

--
-- Daten für Tabelle `user`
--

INSERT INTO `user` (`ID`, `role`, `name`, `pass`, `email`) VALUES
(1, 'apprentice', 'Frühauf, Paul', '202cb962ac59075b964b07152d234b70', 'paul.fruehauf@flane.de'),
(2, 'instructor', 'Kevin, Alpha', '202cb962ac59075b964b07152d234b70', 'alpha.kevin@flane.de'),
(3, 'apprentice', 'Mustermann, Max', '202cb962ac59075b964b07152d234b70', 'max.mustermann@flane.de');

/*!40101 SET CHARACTER_SET_CLIENT=@OLD_CHARACTER_SET_CLIENT */;
/*!40101 SET CHARACTER_SET_RESULTS=@OLD_CHARACTER_SET_RESULTS */;
/*!40101 SET COLLATION_CONNECTION=@OLD_COLLATION_CONNECTION */;
