-- phpMyAdmin SQL Dump
-- version 4.0.10deb1
-- http://www.phpmyadmin.net
--
-- Host: localhost
-- Erstellungszeit: 04. Mai 2018 um 10:35
-- Server Version: 5.5.58-MariaDB-1ubuntu0.14.04.1
-- PHP-Version: 5.6.33-3+ubuntu14.04.1+deb.sury.org+1

SET SQL_MODE = "NO_AUTO_VALUE_ON_ZERO";
SET time_zone = "+00:00";


/*!40101 SET @OLD_CHARACTER_SET_CLIENT=@@CHARACTER_SET_CLIENT */;
/*!40101 SET @OLD_CHARACTER_SET_RESULTS=@@CHARACTER_SET_RESULTS */;
/*!40101 SET @OLD_COLLATION_CONNECTION=@@COLLATION_CONNECTION */;
/*!40101 SET NAMES utf8 */;

--
-- Datenbank: `flreports`
--
CREATE DATABASE IF NOT EXISTS `flreports` DEFAULT CHARACTER SET utf8 COLLATE utf8_general_ci;
USE `flreports`;

-- --------------------------------------------------------

--
-- Tabellenstruktur für Tabelle `glossary`
--

CREATE TABLE IF NOT EXISTS `glossary` (
  `ID` int(11) NOT NULL AUTO_INCREMENT,
  `userID` int(11) NOT NULL,
  `category` int(2) NOT NULL,
  `term` varchar(60) NOT NULL,
  `description` varchar(2000) NOT NULL,
  `deleted` int(1) NOT NULL,
  PRIMARY KEY (`ID`)
) ENGINE=InnoDB  DEFAULT CHARSET=utf8 AUTO_INCREMENT=194 ;

--
-- Daten für Tabelle `glossary`
--

INSERT INTO `glossary` (`ID`, `userID`, `category`, `term`, `description`, `deleted`) VALUES
(36, 1, 7, 'NIC', 'Network Interface Controller\r\nEine elektronische Schaltung zur Verbindung eines Computers mit einem lokalen Netzwerk zum Austausch von Daten. Diese Funktion befand sich früher fast ausschließlich auf einer Steckkarte für einen Erweiterungssteckplatz und ist mittlerweile auf den meisten Hauptplatinen direkt integriert. Umgangssprachlich wird der Begriff auch für einen integrierten Netzwerkanschluss verwendet, der sich nicht auf einer separaten Karte befindet.\r\nIhre primäre Aufgabe ist die Herstellung einer physikalischen Verbindung zum Netzwerk über ein geeignetes Zugriffsverfahren (zum Beispiel CSMA/CD) und die Implementierung der ersten oder auch zweiten OSI-Schicht (meist Ethernet).', 0),
(37, 1, 9, 'Router on a stick', 'Wird dazu benutzt, einen Switch in mehrere VLANs aufzuteilen, und über einen Trunk mit einem Router zu verbinden, der das routen zwischen den VLANs übernimmt. Dies hat den Vorteil, dass sowohl Internet als auch Voice über die selbe Kabelverbindung getrennt voneinander laufen können, nämlich über den Trunk.', 0),
(38, 1, 7, 'RAM', 'Random Access Memory\r\nEin Datenspeicher, der besonders bei Computern als Arbeitsspeicher Verwendung findet, meist in Form von Speichermodulen. Die gängigsten Formen gehören zu den Halbleiterspeichern. RAM wird als integrierter Schaltkreis hauptsächlich in Silizium-Technologie realisiert und in allen Arten von elektronischen Geräten eingesetzt. Als ein Flash Speichermedium ist der Speicher besonders schnell und robust.\r\n', 0),
(39, 1, 2, 'Redhat Koala', 'Die Redhat Koala Prüfung ist notwendig um das zugehörige Zertifikat zu erlangen. Die Prüfung und der Prüfungsstoff ist aus dem Hause Redhat, welches ein International agierender Informationsdienstleister ist. Die Prüfungen werden auch bei uns durchgeführt. Hierfür stellen wir die Räumlichkeiten und die benötigte Hardware zur Verfügung.', 0),
(40, 1, 7, 'MDS', 'Multilayer director switch\r\nEin Netzwerk Switch, der sich im OSI-Schichtenmodell nicht nur auf Layer 2 bewegt, sondern der auch in höheren Ebenen operieren kann.\r\n', 0),
(41, 1, 9, 'MAC-Adresse', 'Die MAC-Adresse (Media-Access-Control-Adresse) ist die Hardware-Adresse jedes einzelnen Netzwerkadapters, die als eindeutiger Identifikator des Geräts in einem Rechnernetz dient. Man spricht auch von Physische Adresse[1] oder Geräteadresse.[2] Bei Apple wird sie auch Ethernet-ID, Airport-ID oder Wi-Fi-Adresse genannt, bei Microsoft Physikalische Adresse. Im Falle von Ethernet-Netzen besteht die MAC-Adresse aus 48 Bit (sechs Bytes). Die Adressen werden in der Regel hexadezimal geschrieben.', 0),
(42, 1, 7, 'Netzteil', 'PSU = Power supply unit\r\nEin Netzteil ist ein eigenständiges Gerät oder eine Baugruppe zur Energieversorgung von Geräten oder Baugruppen, die andere Spannungen und Ströme benötigen, als vom Stromnetz bereitgestellt wird. Ausgangsspannung und maximaler Ausgangsstrom können fest eingestellt oder variabel sein.\r\n', 0),
(43, 1, 9, 'WLAN', 'Wireless Local Area Network\r\nEin lokales Funknetz, wobei meist ein Standard der IEEE-802.11-Familie gemeint ist. Für diese engere Bedeutung ist in manchen Ländern (z. B. USA, Großbritannien, Kanada, Niederlande, Spanien, Frankreich, Italien) weitläufig beziehungsweise auch synonym der Begriff Wi-Fi gebräuchlich. Verwendet wird der Begriff häufig auch irreführend als Synonym für WLAN-Hotspots bzw. kabellosen Internetzugriff.\r\n', 0),
(44, 1, 3, 'ICND1', 'Der Kurs Interconnecting Cisco Networking Devices, Part 1 (ICND1) v3.0 vermittelt die erforderlichen Kenntnisse und Fähigkeiten zur Installation, Bedienung, Konfiguration und Verifizierung eines grundlegenden IPv4- und IPv6-Netzwerks, einschließlich der Konfiguration eines LAN-Switches, Konfiguration eines IP-Routers, Verwaltung von Netzwerkgeräten und Identifizierung grundlegender Sicherheitsbedrohungen. Der Kurs konzentriert sich auf die Funktionen von Netzwerken, Kenntnisse von Cisco Routern und Switches, Herstellung der Internet-Konnektivität, Verwaltung von ACLs, Konfiguration der Gerätesicherheit, der Implementierung von VLANs Trunks und die Konfiguration von statischem Routing und RIPv2. Außerdem wird man mit IPv6 vertraut gemacht. Man lernt, wie grundlegende Schritte zur Fehlerbehebung in Unternehmensnetzwerken durchzuführen sind. Die Teilnehmer werden so auf die Cisco CCNA-Zertifizierung vorbereitet.', 0),
(45, 1, 3, 'ICND2', 'Der Kurs Interconnecting Cisco Networking Devices, Part 2 (ICND2) v3.0 vermittelt das Wissen und die Fähigkeiten, die man benötigt, um ein Netzwerk in einem kleinen Unternehmen zu installieren, zu konfigurieren, zu betreiben und Fehler zu beheben. Zu den wichtigsten Ergänzungen dieser letzten Revision gehören das Verständnis der Quality of Service (QoS)-Elemente und ihrer Anwendbarkeit, die Art und Weise, wie virtualisierte und Cloud-Services interagieren und sich auf Unternehmensnetzwerke auswirken sowie ein Überblick über die Netzwerkprogrammierbarkeit und die zugehörigen Controller-Typen und -Werkzeuge, die zur Unterstützung von Software-definierten Netzwerkarchitekturen zur Verfügung stehen.', 0),
(46, 1, 3, 'CCNAX', 'Der CCNAX-Kurs ist ein beschleunigter Power-Workshop, der die Themen aus den Kursen ICND1, ICND2 und dem CCNA (Cisco Certified Network Associate) vereint.', 0),
(47, 1, 7, 'Server Rack', '„Gestell“, „Regal“ oder „Ständer“\r\nEine aus dem Englischen entlehnte Bezeichnung für eine Haltevorrichtung, die typischerweise eine Menge kleinerer Elemente zu einer Einheit zusammenfasst – wie z. B. ein Ständer oder ein Gestell. Im Rechenzentrumsbetrieb und der Veranstaltungs-, Labor- und Regeltechnik steht der Begriff Rack (engl. 19-inch rack) für ein Gestell für Elektrogeräte mit einer genormten Breite von 19 Zoll, bei dem die einzelnen Geräte („Einschübe“), die sich im Rack montieren lassen, eine Frontplatten-Breite von genau 48,26 Zentimetern aufweisen. Selten auch Rack-Unit genannt.\r\n', 0),
(48, 1, 7, 'APC', 'American Power Conversion\r\nEin Hersteller von Stromversorgungs- und Kühllösungen. Weiterhin werden auch die für die sichere Energieversorgung benötigten Dienstleistungen angeboten. Dazu gehören auch Geräte für den Heimbereich und für mobile Anwendungen. Der wichtigste Produktbereich von APC sind Unterbrechungsfreie Stromversorgungen (USV), die vor allem für Server oder zur Sicherung von Gebäuden, Tunneln, Kraftwerken etc. eingesetzt werden. Über APC Geräte kann man Geräten per Remote Strom an oder abschalten.\r\n', 0),
(49, 1, 2, 'TradeIn', 'Da wir einen Partnervertrag mit Cisco haben, können wir gebrauchte, kaputte oder alte Hardware an Cisco zurücksenden, um Rabatte für neue Hardware zu erhalten.', 0),
(50, 1, 5, 'Trainingscenter / TC', 'Das Trainingscenter ist bei uns ein abgetrennter Bereich für unsere Kunden. Dort sind verschiedene Räume, in denen die IT-Schulungen abgehalten werden. Unter anderem haben wir Dort die Räume:\r\nLondon, Zürich, Ron, Madrid, Athen, Prag, Oslo\r\nDie Räume Wien, London und Paris liegen angrenzend zu unserem Mitarbeiterbereich.\r\n', 0),
(51, 1, 7, 'Dell 7040', 'Eine Komplett-PC Baureihe vom Hersteller Dell, welche wir für unsere Schulungen zur Verfügung stellen. Die Hardware wird umgebaut und kann je nach System Requirements variieren.', 0),
(52, 1, 7, 'Dell 5050', 'Eine Komplett-PC Baureihe vom Hersteller Dell, welche wir für unsere Schulungen zur Verfügung stellen. Die Hardware wird umgebaut und kann je nach System Requirements variieren.', 0),
(53, 1, 7, 'DB-60', 'DTE = Data Terminal Equipment\r\nDCE = Data Communication Equipment\r\nEine veraltete serielle Schnittstelle, die hauptsächlich beim ISP (Internet Service Provider) gebrauch findet.\r\nEin Modem ist die häufigste Art einer DCE Schnittstelle.\r\n', 0),
(54, 1, 2, 'Lab', 'Ein Lab ist ein Aufbau einer Netzwerk Topologie, der in unseren Serverräumen gehostet wird. Diese sind entweder 1 zu 1 Aufbauten, oder je nach Lab virtualisiert. Jedes Lab unterteilt sich in mehrere Pods, auf denen ein oder mehrere Schulungsteilnehmer per Remote arbeiten und konfigurieren können.', 0),
(55, 1, 2, 'Labguide', 'Ein Labguide ist entweder eine von uns erstellte Schritt für Schritt Anleitung oder wird von einem externen Anbieter, bspw. Cisco angeboten. Mit diesen Guides können Teilnehmer auf unserer Hardware vordefinierte Abläufe und Szenarien durchspielen. Unsere Guides müssen stets aktuell gehalten werden und vorher getestet werden.', 0),
(56, 1, 7, 'WIC Karten', 'WIC Karten sind Netzwerkschnittstellen für WANs (Wide Area Networks).', 0),
(57, 1, 9, 'WAN', 'Ein Rechnernetz, das sich im Unterschied zu einem LAN oder MAN über einen sehr großen geografischen Bereich erstreckt.Die Anzahl der angeschlossenen Rechner entsprechen dem Maximum von IPv4 oder IPv6. WANs erstrecken sich über Länder oder sogar Kontinente. WANs werden benutzt, um verschiedene LANs, aber auch einzelne Rechner miteinander zu vernetzen. Einige WANs gehören bestimmten Organisationen und werden ausschließlich von diesen genutzt. Andere WANs werden durch Internetdienstanbieter errichtet oder erweitert, um einen Zugang zum Internet anbieten zu können.', 0),
(58, 1, 9, 'LAN', 'Ein lokales oder örtliches Netzwerk, kurz LAN, ist ein Rechnernetz, das die Ausdehnung von Personal Area Networks übertrifft, die Ausdehnung von Metropolitan Area Networks, Wide Area Networks und Global Area Networks aber nicht erreicht. Ein LAN wird z. B. in Heimnetzen oder Unternehmen eingesetzt.', 0),
(59, 1, 7, 'Terminal Server', 'Der Begriff Terminalserver steht sowohl für ein Funktionsprinzip in der elektronischen Datenverarbeitung als auch für Server- Software und -Hardware. Bei einem Terminalserver sind Programme und Daten zentral auf einem "Server" oder "Host" gespeichert, die Ein- und Ausgabe findet dezentral auf Benutzerendgeräten (den "Terminals") über ein Netzwerk statt. In der Frühzeit der elektronischen Datenverarbeitung war dieses Funktionsprinzip der Normalfall.', 0),
(60, 1, 7, 'SAS', 'Serial Attached SCSI\r\nSAS ist eine serielle Schnittschnelle bei Computern, die ein schnelleres Pendant darstellt zum Seriel ATA (SATA). Genau wie SATA ist SAS eine Punkt zu Punkt Verbindung.\r\n', 0),
(61, 1, 7, 'SATA', 'Seriel ATA\r\nEine Computer-Schnittstelle für den Datenaustausch mit Festplatten und anderen Speichergeräten. ATA steht hierbei für das Übertragungsprotokoll „ATAttachment“ – im Unterschied dazu werden bei SATA die Daten jedoch seriell (englisch serial) übertragen.\r\n', 0),
(62, 1, 9, 'Duplex', 'Als Duplex bezeichnet man in der Kommunikationstechnik die Richtungsunabhängigkeit eines Kommunikationskanals. Werden Informationstransfers in beide Richtungen auf demselben Medium vorgenommen, müssen die Informationen durch Duplex-Verfahren zusammengeführt und getrennt werden. ', 0),
(63, 1, 9, 'Bandbreite', 'Die Bandbreite ist eine Kenngröße in der Signalverarbeitung, die die Breite des Intervalls in einem Frequenzspektrum festlegt, in dem die dominanten Frequenzanteile eines zu übertragenden oder zu speichernden Signals liegen. Die Bandbreite ist durch eine untere und eine obere Grenzfrequenz charakterisiert, wobei je nach Anwendung unterschiedliche Festlegungen der beiden Grenzwerte existieren und somit je nach Zusammenhang unterschiedliche Bandbreiten als Kennwert existieren. Der Begriff dient zur Beschreibung von Signalübertragungssystemen in verschiedenen Bereichen wie der Nachrichtentechnik, Funktechnik oder Akustik.', 0),
(64, 1, 7, 'Router', 'Router oder Netzwerkrouter sind Netzwerkgeräte, die Netzwerkpakete zwischen mehreren Rechnernetzen weiterleiten können. Sie werden am häufigsten zur Internetanbindung, zur sicheren Kopplung mehrerer Standorte (Virtual Private Network) oder zur direkten Kopplung mehrerer lokaler Netzwerksegmente, gegebenenfalls mit Anpassung an unterschiedliche Netzwerktechniken eingesetzt. Router treffen ihre Weiterleitungsentscheidung anhand von Informationen aus der Netzwerk-Schicht 3 (für das IP-Protokoll ist das der Netzwerkanteil in der IP-Adresse). Viele Router übersetzen zudem zwischen privaten und öffentlichen IP-Adressen (Network Address Translation, Port Address Translation, NAT/PAT) oder bilden Firewall-Funktionen durch ein Regelwerk ab. Die für die Kopplung von Heimnetzwerken ans Internet ausgelegten Router nennt man auch Internetrouter.', 0),
(65, 1, 7, 'UCS', 'Cisco Unified Computing System\r\nUCS Server sind Datacenter Produkte von Cisco, welche in sog. Bladeserver aufgeteilt sind. In einem UCS Chassis finden mehrere dieser Blades Platz und jeder Bladeserver ist ein eigenständiger Server. UCS Geräte eignen sich gut für Virtualisierung und werden innerhalb einer Unit gehandhabt.\r\n', 0),
(66, 1, 2, 'Onsite Kurs', 'Ein Onsite Kurs ist ein Kurs, der nicht an einem unserer Standorte abgehalten wird. Ggf. schicken wir benötigte Hardware direkt zum Kunden und der Trainer hält seinen Kurs in den Räumlichkeiten des Kunden.', 0),
(67, 1, 2, 'Flexkit', 'Ein Flexkit ist ein mobiles Hardwareset, mit welchem IT-Schulungen audiovisuell zu per Remote zugeschalteten Teilnehmern übertragen werden können, und eine bidirektionale Kommunikation ermöglicht wird. ', 0),
(68, 1, 10, 'IPv4', 'Internet Protocol version 4\r\nIPv4 ist eine Adressierung über das IP Protokoll. Eine IP Adresse der version 4 besitzt 4 Oktette mit jeweils 4 Bits / 1 Byte. Der Adressraum von IPv4 ist allerdings mittlerweile sehr knapp geworden, weshalb man nun Stück für Stück zu IPv6 wechselt. IPv6 hat einen größeren Adressraum.\r\n', 0),
(69, 1, 10, 'IPv6', 'Internet Protocol version 6\r\nIPv6 ist die Neuerung gegenüber IPv4 und bietet einen signifikant größeren Adressraum. IPv6 Adessen werden in Hexadezimal dargestellt. \r\n', 0),
(70, 1, 7, 'DSL ', 'Digital Subscriber Line\r\nEine Reihe von Übertragungsstandards der Bitübertragungsschicht, bei der Daten mit hohen Übertragungsraten über einfache Kupferleitungen wie die Teilnehmeranschlussleitung gesendet und empfangen werden können. Das ist eine wesentliche Verbesserung gegenüber Telefonmodems und ISDN-Verbindungen. Der Standard dient zur Kommunikation zwischen DSL-Modem und DSLAM, um in der Regel einen Breitband-Internetzugang über einen Internet-Zugangsserver zur Verfügung zu stellen. Dabei handelt DSL die Verbindungsparameter wie Frequenz und Downstream- sowie Upstream-Übertragungsrate aus. Die tatsächliche Internet-Übertragungsrate hängt allerdings vom Internet-Zugangsserver ab.\r\n', 0),
(71, 1, 11, 'Citrix', 'Ein amerikanischen Softwareunternehmen, welches ihr eigenes Hypervisor Tool betreibt.', 0),
(72, 1, 8, 'Hypervisor', 'Virtual-Machine-Monitor\r\nDie Bezeichnung für eine Klasse von Systemen der praktischen Informatik, die als abstrahierende Schicht zwischen tatsächlich vorhandener Hardware (und ggf. auf dem System bereits installiertem Betriebssystem) und weiteren zu installierenden Betriebssystemen dient. Solche Systeme erlauben es, eine virtuelle Umgebung (Hardwareressourcen, insbes. CPU, Speicher, Festplattenplatz, verfügbare Peripherie) zu definieren, die unabhängig von der tatsächlich vorhandenen Hardware als Basis für die Installation von (Gast-)Betriebssystemen dient.\r\nHypervisoren erlauben den simultanen Betrieb mehrerer Gastsysteme auf einem Hostsystem. Der Hypervisor verwaltet die Ressourcenzuteilung für einzelne Gastsysteme. \r\n', 0),
(73, 1, 8, 'ESXi', 'ESXi ist ein Hypervisor der Firma VMWare und ermöglicht komplexes Virtualisierungs Management.', 0),
(74, 1, 9, 'Routing', 'Bezeichnet in der Telekommunikation das Festlegen von Wegen für Nachrichtenströme bei der Nachrichtenübermittlung in Rechnernetzen. Insbesondere in paketvermittelten Datennetzen ist hierbei zwischen den beiden verschiedenen Prozessen Routing und Forwarding zu unterscheiden: Das Routing bestimmt den gesamten Weg eines Nachrichtenstroms durch das Netzwerk; das Forwarding beschreibt hingegen den Entscheidungsprozess eines einzelnen Netzknotens, über welchen seiner Nachbarn er eine vorliegende Nachricht weiterleiten soll.', 0),
(75, 1, 7, 'Switch', 'Ein Kopplungselement, dass Netzwerksegmente miteinander verbindet. Es sorgt innerhalb eines Segments (Broadcast-Domain) dafür, dass die Datenpakete, sogenannte „Frames“, an ihr Ziel kommen. Im Unterschied zu einem auf den ersten Blick sehr ähnlichen Repeater-Hub werden Frames aber nicht einfach an alle anderen Ports weitergeleitet, sondern nur an den, an dem das Zielgerät angeschlossen ist – ein Switch trifft eine Weiterleitungsentscheidung anhand der selbsttätig gelernten Hardware-Adressender angeschlossenen Geräte.', 0),
(76, 1, 9, 'NAT', 'Network Address Translation\r\nDie Netzwerkadressübersetzung (kurz NAT) ist in Rechnernetzen der Sammelbegriff für Verfahren, die automatisiert Adressinformationen in Datenpaketen durch andere ersetzen, um verschiedene Netze zu verbinden. Die Netzwerkadressübersetzung kommt typischerweise auf Routern zum Einsatz. NAT wird in Source-NAT (SNAT), und Destination-NAT (DNAT) unterteilt. Während beim Source-NAT die Adresse des Computers umgeschrieben wird, der die Verbindung aufbaut, wird beim Destination-NAT die Adresse des angesprochenen Computers verändert.\r\n', 0),
(77, 1, 9, 'PAT', 'Port and Address Translation (PAT) oder Network Address Port Translation (NAPT) ist eine Technik, die in Computernetzwerken verwendet wird. Sie ist eine spezielle Form von NAT (1 zu n NAT). Dabei werden im Gegensatz zu NAT nicht nur die IP-Adressen, sondern auch Port-Nummern umgeschrieben. PAT wird eingesetzt, wenn mehrere private IP-Adressen aus einem LAN zu einer öffentlichen IP-Adresse übersetzt werden sollen. Ohne den Austausch des Quell-Ports kann es zu einem Konflikt kommen, falls mehrere Rechner aus dem lokalen Netz gleichzeitig eine Verbindung zu einem Socket aufbauen und dabei den gleichen Quell-Port benutzen.', 0),
(78, 1, 9, 'ACL', 'Access Control List\r\nEine Software-Technik, mit der Betriebssysteme und Anwendungsprogramme Zugriffe auf Daten und Funktionen eingrenzen können. Eine ACL legt fest, in welchem Umfang einzelne Benutzer und Systemprozesse Zugriff auf bestimmte Objekte (wie Dienste, Dateien, Registrier-Einträge etc.) haben.\r\n', 0),
(79, 1, 10, 'DHCP', 'Dynamic Host Configuration Protocol\r\nEin Kommunikationsprotokoll in der Computertechnik. Es ermöglicht die Zuweisung der Netzwerkkonfiguration an Clients durch einen Server.\r\n', 0),
(80, 1, 10, 'RIP', 'Routing Information Protocol\r\nEin Routing-Protokoll auf Basis des Distanzvektoralgorithmus, das innerhalb eines autonomen Systems (z. B. LAN) eingesetzt wird, um die Routingtabellen von Routernautomatisch zu erstellen. Es gehört zur Klasse der Interior Gateway Protocols (IGP). Es gibt RIP version 1 und 2. Beide Versionen werden noch heute eingesetzt, jedoch werden sie als technisch veraltet betrachtet und sind durch neuere Protokolle wie Open Shortest Path First (OSPF) oder das OSI Protokoll IS-IS abgelöst worden.\r\n', 0),
(81, 1, 9, 'Port Security', 'Port Security ist ein Sicherheitsfeature von Ethernet-Switches, das es ermöglicht, jede Schnittstelle eines Switches fest mit einer MAC-Adresse (oder einer Liste von MAC- bzw. Hardware-Adressen) zu verknüpfen, so dass nur mit der erlaubten MAC-Adresse eine Kommunikation zugelassen wird. Der Switch prüft dazu bei jedem Verbindungsaufbau des Ports (Link) die Absender-MAC-Adresse anhand der Source in jedem Frame (z. B. einer ARP- oder DHCP-Anfrage), bevor Nutzdaten übertragen werden. Hat sich die MAC-Adresse geändert, etwa durch MAC-Spoofing oder Netzwerkkartentausch, setzt der Switch den Port-Status administrativ auf Down (Portsperre) so dass keine weitere Kommunikation stattfindet, solange der Port nicht administrativ wieder auf Up geschaltet wird. Um den Konfigurationsaufwand in großen Netzen zu verringern, kann im Switch bei vorgesehenen Wechseln der MAC-Adresse ein sogenannter Lernmodus aktiviert werden. Während dieser Zeit speichert er alle am betreffenden Port erkannten MAC-Adressen als erlaubt, fügt sie also der Liste der autorisierten MAC-Adressen hinzu.', 0),
(82, 1, 9, 'Password Recovery', 'Unter einer Password Recovery versteht man im Netzwerk Kontext, den Zugang zu einem Gerät zurückzuerlangen, welches mit einem Passwort geschützt wurde. Entweder man hat das Passwort vergessen oder jemand fremdes hat ein Passwort gesetzt. In diesem Fall findet man es durch Brute Force heraus (das Ausprobieren aller Möglichkeiten per Script), versucht es mittels Rainbow Tables herauszufinden (das Ausprobieren vorgefertigter Passwort Möglichkeiten per Script) oder löscht die running config, um den Passwort Schutz zu umgehen und das System zurückzusetzen.', 0),
(83, 1, 10, 'EIGRP', 'Enhanced Interior Gateway Routing Protocol\r\nEin erweitertes Distance-Vector-Routingprotokoll (Advanced Distance Vector), welches sich beim Austausch mit benachbarten Routern sowie bei der Speicherung von Routing-Informationen wie ein Link-State-Routingprotokoll verhält. Aufgrund der umfangreichen Merkmale, welche eher bei Link-State-Protokollen anzutreffen sind, wird EIGRP daher oft auch als Balanced-Hybrid-Routingprotokoll klassifiziert. Mit Hilfe jener Link-State-Eigenschaften erreicht EIGRP im Verhältnis zu konventionellen Distance-Vector-Routingprotokollen eine sehr schnelle Konvergenz und ist immun gegenüber Routing-Schleifen.\r\n', 0),
(84, 1, 10, 'OSPF', 'Open Shortest Path First\r\nEin Routing Protocol, welches schleifenfreies Routing garantiert. Es nutzt das sog. Hello-Protokoll für die Überwachung der Nachbarn. OSPF ist für große, skalierbare Netze gut geeignet und vereinfacht dank seines Area Konzepts die Kommunikation und Wartung.\r\n', 0),
(85, 1, 10, 'SNMP', 'Simple Network Management Protocol\r\nEin Netzwerkprotokoll, das von der IETF entwickelt wurde, um Netzwerkelemente (z. B. Router, Server, Switches, Drucker, Computer usw.) von einer zentralen Station aus überwachen und steuern zu können. Das Protokoll regelt dabei die Kommunikation zwischen den überwachten Geräten und der Überwachungsstation. SNMP beschreibt den Aufbau der Datenpakete, die gesendet werden können, und den Kommunikationsablauf. Es wurde dabei so ausgelegt, dass jedes netzwerkfähige Gerät mit in die Überwachung aufgenommen werden kann. Zu den Aufgaben des Netzwerkmanagements, die mit SNMP möglich sind, zählen: Überwachung von Netzwerkkomponenten, Fernsteuerung und Fernkonfiguration von Netzwerkkomponenten, Fehlererkennung und Fehlerbenachrichtigung. Durch seine Einfachheit, Modularität und Vielseitigkeit hat sich SNMP zum Standard entwickelt, der sowohl von den meisten Managementprogrammen als auch von Endgeräten unterstützt wird.\r\n', 0),
(86, 1, 9, 'QOS', 'Quality of Service\r\nBezeichnet die Güte eines Kommunikationsdienstes aus der Sicht der Anwender. Das heißt, wie stark die Güte des Dienstes mit deren Anforderungen übereinstimmt. Formal ist QoS eine Menge von Qualitätsanforderungen an das gemeinsame Verhalten beziehungsweise Zusammenspiel von mehreren Objekten. Wichtige Parameter in IP-Netzen sind die Latenzzeit (Verzögerung der Ende-zu-Ende-Übertragung), Jitter (Abweichung der Latenzzeit von ihrem Mittelwert), Paketverlustrate (die Wahrscheinlichkeit, dass einzelne IP-Pakete bei der Übertragung verloren gehen), Durchsatz (die pro Zeiteinheit im Mittel übertragene Datenmenge).\r\n', 0),
(87, 1, 9, 'Licensing', 'Unter Licensing versteht man im Cisco Kontext, dass jedes Gerät mit einer gültigen Lizenzdatei versehen sein muss, welche mit dem Gerät zusammen erworben wird. Im Falle der beabsichtigten oder unbeabsichtigten Löschung dieses Files, muss man das Gerät erneut Lizensieren, damit es seine Funktionen erfüllt.', 0),
(88, 1, 11, 'Cisco', 'Ein US-amerikanisches Unternehmen aus der Telekommunikationsbranche. Bekannt ist es vor allem für seine Router und Switches, die von einem wesentlichen Teil der Internet-Backbonesgenutzt werden.', 0),
(89, 1, 9, 'Voice', 'Voice ist ein Themenbereich in der Netzwerkwelt. Bei Voice geht es überwiegend um die Kommunication und der Hauptbestandteil ist die Internet-Telefonie, auch VOIP genannt (Voice over IP). Da Voice mittlerweile ein weitaus komplexeres Thema ist, und sich nicht allein auf Telefonie bezieht, nannte Cisco Voice für sich in Collaboration um, was alle Arten der modernen Telekommunikation abdeckt.', 0),
(90, 1, 7, 'AP', 'AP, auch Access Point, ist ein drahtlos Netzwerk Zugangsgerät, welches mobile Geräte mit WLAN versorgen kann. Der AP verbindet die mobilen Geräte mit einem physischen Netzwerk.', 0),
(91, 1, 9, 'Subnetting', 'Als Subnetz wird ein Teilnetz eines Netzwerkes beim Internetprotokoll (IP) bezeichnet. Es fasst mehrere aufeinanderfolgende IP-Adressen mittels einer Subnetzmaske (im Falle von IPv6 spricht man von der Präfixlänge) an binären Grenzen unter einem gemeinsamen Vorderteil, dem Präfix zusammen. Ein Schema zur Unterteilung von Netzen wurde 1985 eingeführt und 1992 im RFC 950 erstmals standardisiert, 1993 folgte das heute benutzte Verfahren namens Classless Inter-Domain Routing. In administrativ eigenständigen Bereichen, sogenannten autonomen Systemen, werden immer ein oder mehrere Subnetze verwaltet, welche wiederum in kleinere Subnetze unterteilt werden können.', 0),
(92, 1, 9, 'OSI-Modell', 'Open Systems Interconnection Model\r\nEin Referenzmodell für Netzwerkprotokolle als Schichtenarchitektur. Zweck des OSI-Modells ist, Kommunikation über unterschiedlichste technische Systeme hinweg zu ermöglichen und die Weiterentwicklung zu begünstigen. Dazu definiert dieses Modell sieben aufeinander folgende Schichten (engl. layers) mit jeweils eng begrenzten Aufgaben. In der gleichen Schicht mit klaren Schnittstellen definierte Netzwerkprotokolle sind einfach untereinander austauschbar, selbst wenn sie wie das Internet Protocol eine zentrale Funktion haben.\r\n', 0),
(93, 1, 9, 'TCP/IP-Referenzmodell', 'Kommunikation wird in Rechnernetzen durch Netzwerkprotokolle umgesetzt und in der Praxis in funktionale Schichten (layer) unterteilt. Für das Internet und die Internetprotokollfamilie ist dabei die Gliederung nach dem sogenannten TCP/IP-Referenzmodell, welches 4 aufeinander aufbauende Schichten beschreibt, maßgebend. Dieses ist auf die Internet-Protokolle zugeschnitten, die den Datenaustausch über die Grenzen lokaler Netzwerke hinaus ermöglichen (dies sind vor allem TCP und IP). Hier werden weder der Zugriff auf ein Übertragungsmedium noch die Datenübertragungstechnik definiert. Vielmehr sind die Internet-Protokolle dafür zuständig, Datenpakete über mehrere Punkt-zu-Punkt-Verbindungen (Hops) weiterzuvermitteln und auf dieser Basis Verbindungen zwischen Netzwerkteilnehmern über mehrere Hops herzustellen. Um Probleme der Netzwerkkommunikation im Allgemeinen zu betrachten, greift man auf das detailliertere ISO/OSI-Referenzmodell zurück. Es ist jedoch zu beachten, dass sich die Benennung der einzelnen Schichten in den Modellen unterscheidet.', 0),
(94, 1, 10, 'STP', 'Spanning Tree Protocol\r\nEin zentraler Teil von Switch-Infrastrukturen. Rechnernetzwerke können mit einer Vielzahl von Switches als Koppelungselement aufgebaut werden. Allerdings muss die Ethernet-Technologie sicherstellen, dass zwischen zwei Rechnern jeweils nur ein Datenpfad existiert, um Pakete eindeutig weiterleiten zu können.\r\nDie Vermeidung von Effekten wie Broadcast-Stürmen wird nur erreicht, wenn ein Algorithmus existiert, der die Schleifenfreiheit der Topologie sicherstellt. Der Spanning-Tree-Algorithmus sorgt nun dafür, dass es keine unerwünscht kreisende Pakete gibt. Er identifiziert Mehrfachwege, indem er Topologien mit redundanten Wegen durch eine logische Blockierung bestimmter Pfade in eine Baumtopologie überführt, die keine Schleifen besitzt. Dazu werden auf den Switches mit mehreren Verbindungen zu anderen Switches alle bis auf eine Verbindung blockiert. Bei Ausfall der primären Verbindung können diese sofort aktiviert werden und erzeugen auf diese Weise ein hohes Maß an Fehlertoleranz.\r\n', 0),
(95, 1, 10, 'BGP', 'Border Gateway Protocol\r\nBGP ist das im Internet eingesetzte Routingprotokoll und verbindet autonome Systeme (AS) miteinander. Diese autonomen Systeme werden in der Regel von Internetdienstanbieterngebildet. BGP wird allgemein als Exterior-Gateway-Protokoll (EGP) und Pfadvektorprotokoll bezeichnet und verwendet für Routing-Entscheidungen sowohl strategische wie auch technisch-metrische Kriterien, wobei in der Praxis meist betriebswirtschaftliche Aspekte berücksichtigt werden. Innerhalb autonomer Systeme kommen Interior Gateway Protokolle (IGP) wie z. B. OSPF zum Einsatz.\r\n', 0),
(96, 1, 9, 'VLAN', 'Virtual Local Area Network\r\nEin logisches Teilnetz innerhalb eines Switches bzw. eines gesamten physischen Netzwerks. Es kann sich über mehrere Switches hinweg ausdehnen. Ein VLAN trennt physische Netze in Teilnetze auf, indem es dafür sorgt, dass VLAN-fähige Switches Frames (Datenpakete) nicht in ein anderes VLAN weiterleiten (obwohl die Teilnetze an gemeinsamen Switches angeschlossen sein können).\r\n', 0),
(97, 1, 9, 'ISO-Abbild', 'ISO image\r\nDie Bezeichnung für eine Computer-Datei, die ein Speicherabbild des Dateisystems einer CD oder DVD enthält, die im Format ISO 9660 oder 13346 strukturiert ist.\r\n', 0),
(98, 1, 10, 'ARP', 'Address Resolution Protocol\r\nEin Netzwerkprotokoll, das zu einer Netzwerkadresse der Internetschicht die physische Adresse (Hardwareadresse) der Netzzugangsschicht ermittelt und diese Zuordnung gegebenenfalls in den so genannten ARP-Tabellen der beteiligten Rechner hinterlegt. Es wird fast ausschließlich im Zusammenhang mit IPv4-Adressierung auf Ethernet-Netzen, also zur Ermittlung von MAC-Adressenzu gegebenen IP-Adressen verwendet, obwohl es nicht darauf beschränkt ist. Für IPv6 wird diese Funktionalität nicht von ARP, sondern durch das Neighbor Discovery Protocol (NDP) bereitgestellt.\r\n', 0),
(99, 1, 9, 'PoE', 'Power over Ethernet\r\nBezeichnet ein Verfahren, mit dem netzwerkfähige Geräte über das achtadrige Ethernet-Kabel mit Strom versorgt werden können.\r\n', 0),
(100, 1, 11, 'VMWare', 'Ein US-amerikanisches Unternehmen, das Software im Bereich der Virtualisierung entwickelt. Das Unternehmen wurde 1998 mit dem Ziel gegründet, eine Technik zu entwickeln, virtuelle Maschinenauf Standard-Computern zur Anwendung zu bringen.', 0),
(101, 1, 8, 'WebEx', 'Cisco WebEx\r\nEin Anbieter von Videokonferenzen, IP-Telefonie, Instant-Messaging, Dateiübertragung und Screen-Sharing. Sämtliche von WebEx erbrachten Produkte und Leistungen zur Business-to-Business Zusammenarbeit sind Teil des Cisco Collaboration Portfolios und werden insgesamt von Cisco Systems als Software as a Service (SaaS) erbracht.\r\n', 0),
(102, 1, 9, 'VTY', 'Virtual Teletype\r\nVTY ist ein command line interface (CLI) in einem Router und wird benutzt, um eine Verbindung via telnet aufzubauen. Um zu einem VTY zu connecten werden in der Regel Login Credentials benötigt.\r\n', 0),
(103, 1, 2, 'Hausnetz', 'Unser Hausnetz ist unsere interne Netzwerk Infrastruktur. Das Hausnetz deckt alle Office Geräte und Computer ab und ist vom Schulungsnetz getrennt.', 0),
(104, 1, 2, 'Schulungsnetz', 'Unser Schulungsnetz ist unsere interne Netzwerkinfrastruktur für unsere Kunden. Für unsere Kunden gelten andere Zugriffsrechte und Restriktionen als im Hausnetz.', 0),
(105, 1, 9, 'DC', 'Domain Controller\r\nEin Server der Firma Microsoft zur zentralen Authentifizierung von Computern und Benutzern in einem Rechnernetz. In einem Netzwerk mit Domain Controller können mehrere Computer mit Windows NT (und Folgeversionen) zu einer Domain zusammengefasst werden. Im Unterschied zu den Arbeitsgruppen von Windows 9x/ME kann zentral am Domain Controller festgelegt werden, welche Benutzer sich mit welchem Passwort anmelden dürfen und zu welchen Benutzergruppen sie gehören. Änderungen gelten für alle Computer, die Mitglied der Domain sind.\r\n', 0),
(106, 1, 9, 'Domain', 'Eine Domain ist ein lokaler Sicherheitsbereich mit zentraler Verwaltung der Ressourcen und stellt die administrative Grenze dar.', 0),
(107, 1, 9, 'P2P', 'Rechner-Rechner-Verbindung sind synonyme Bezeichnungen für eine Kommunikation unter Gleichen, hier bezogen auf ein Rechnernetz. In einigen Kontexten spricht man auch von Querkommunikation. In einem reinen Peer-to-Peer-Netz sind alle Computer gleichberechtigt und können sowohl Dienste in Anspruch nehmen, als auch zur Verfügung stellen. In modernen P2P-Netzwerken werden die Netzwerkteilnehmer jedoch häufig abhängig von ihrer Qualifikation in verschiedene Gruppen eingeteilt, die spezifische Aufgaben übernehmen.', 0),
(108, 1, 1, 'PHP', 'Hypertext Preprocessor“, ursprünglich „Personal Home Page Tools“\r\nEine Skriptsprache mit einer an C und Perl angelehnten Syntax, die hauptsächlich zur Erstellung dynamischer Webseiten oder Webanwendungen verwendet wird. PHP wird als freie Software unter der PHP-Lizenz verbreitet. PHP zeichnet sich durch breite Datenbankunterstützung und Internet-Protokolleinbindung sowie die Verfügbarkeit zahlreicher Funktionsbibliotheken aus.\r\n', 0),
(109, 1, 1, 'HTML', 'Hypertext Markup Language\r\nEine textbasierte Auszeichnungssprache zur Strukturierung digitaler Dokumente wie Texte mit Hyperlinks, Bildernund anderen Inhalten. HTML-Dokumente sind die Grundlage des World Wide Web und werden von Webbrowsern dargestellt. Neben den vom Browser angezeigten Inhalten können HTML-Dateien zusätzliche Angaben in Form von Metainformationen enthalten, z. B. über die im Text verwendeten Sprachen, den Autor oder den zusammengefassten Inhalt des Textes.\r\n', 0),
(110, 1, 1, 'CSS', 'Cascading Style Sheets\r\nEine Stylesheet-Sprache für elektronische Dokumente und zusammen mit HTML und DOMeine der Kernsprachen des World Wide Webs. Sie ist ein so genannter „living standard“ (lebendiger Standard) und wird vom World Wide Web Consortium (W3C) beständig weiterentwickelt. Mit CSS werden Gestaltungsanweisungen erstellt, die vor allem zusammen mit den Auszeichnungssprachen HTML und XML (zum Beispiel bei SVG) eingesetzt werden. CSS wurde entworfen, um Darstellungsvorgaben weitgehend von den Inhalten zu trennen. Wenn diese Trennung konsequent vollzogen wird, werden nur noch die inhaltliche Gliederung eines Dokumentes und die Bedeutung seiner Teile in HTML oder XML beschrieben, während mit CSS gesondert davon, vorzugsweise in separaten CSS-Dateien, die Darstellung der Inhalte festgelegt wird (z. B. Layout, Farben und Typografie).\r\n', 0),
(111, 1, 1, 'SQL', 'Structured Query Language\r\nEine Datenbanksprache zur Definition von Datenstrukturen in relationalen Datenbanken sowie zum Bearbeiten (Einfügen, Verändern, Löschen) und Abfragen von darauf basierenden Datenbeständen. Die Sprache basiert auf der relationalen Algebra, ihre Syntax ist relativ einfach aufgebaut und semantisch an die englische Umgangssprache angelehnt.\r\n', 0),
(112, 1, 1, 'JS', 'JavaScript\r\nEine Skriptsprache, die ursprünglich für dynamisches HTML in Webbrowsern entwickelt wurde, um Benutzerinteraktionen auszuwerten, Inhalte zu verändern, nachzuladen oder zu generieren und so die Möglichkeiten von HTML und CSS zu erweitern.Heute findet JavaScript auch außerhalb von Browsern Anwendung, so etwa auf Servern und in Microcontrollern.\r\n', 0),
(113, 1, 1, 'Java', 'Eine objektorientierte Programmiersprache. Die Programmiersprache ist ein Bestandteil der Java-Technologie – diese besteht grundsätzlich aus dem Java-Entwicklungswerkzeug (JDK) zum Erstellen von Java-Programmen und der Java-Laufzeitumgebung (JRE) zu deren Ausführung. Die Laufzeitumgebung selbst umfasst die virtuelle Maschine (JVM) und die mitgelieferten Bibliotheken. Java als Programmiersprache sollte nicht mit der Java-Technologie gleichgesetzt werden; Java-Laufzeitumgebungen führen Bytecode aus, der sowohl aus der Programmiersprache Java als auch aus anderen Programmiersprachen wie Nice und Groovy kompiliert werden kann. Im Prinzip könnte jede Programmiersprache als Grundlage für Java-Bytecode genutzt werden, meistens existieren aber keine entsprechenden Bytecode-Compiler. Die Programmiersprache Java dient innerhalb der Java-Technologie vor allem zum Formulieren von Programmen. Diese liegen zunächst als reiner, menschenverständlicher Text vor, dem sogenannten Quellcode. Dieser Quellcode ist nicht direkt ausführbar; erst der Java-Compiler, der Teil des Entwicklungswerkzeugs ist, übersetzt ihn in den maschinenverständlichen Java-Bytecode. Die Maschine, die diesen Bytecode ausführt, ist jedoch typischerweise virtuell – das heißt, der Code wird meist nicht direkt durch Hardware (etwa einen Mikroprozessor) ausgeführt, sondern durch entsprechende Software auf der Zielplattform. Zweck dieser Virtualisierung ist Plattformunabhängigkeit.', 0),
(114, 1, 2, 'IT-Ordnungsdienst', 'Auch IT-ClearUpService\r\nEine wöchentliche Verpflichtung, um Ordnung in den internen IT-Bereichen zu gewährleisten. Dazu gehört auch die Instandsetzung der Drucker und generelle Aufräumarbeit.\r\n', 0),
(115, 1, 7, 'Meraki', 'Cisco Meraki\r\nEin 2006 als Start-up-Unternehmen gegründeter Cloud-Managed IT Anbieter mit Sitz in San Francisco und seit 2012 eine Tochtergesellschaft des weltgrößten Netzausrüsters Cisco Systems. Das Unternehmen entwickelt und vertreibt eine Mesh-Netzsoftware und betreibt eine Cloud basierende MDM-Plattform (Mobile Device Management).\r\n', 0),
(116, 1, 2, 'Voice Mobile Case', 'Im Rahmen unserer Voice Kurse stellen wir den Teilnehmern Voice Router, Switche und IP-Telefone zur Verfügung. Die Hardware wird in einem Case verpackt zum jeweiligen Standort der Schulung versendet.', 0),
(117, 1, 7, 'DVI', 'Digital Visual Interface\r\nEine elektronische Schnittstelle zur Übertragung von Bewegtbildern. Im Computerbereich war DVI der erste verbreitete Standard für den Anschluss von Monitoren an die Grafikkarte eines Computers, um Bilder digital zu übertragen. Allerdings kann eine Art von DVI, DVI-I, auch analoge Bilder übertragen, so dass es lange Zeit als Universalschnittstelle für die Ausgabe von analogen und digitalen Videosignalen verwendet wurde.\r\n', 0),
(118, 1, 9, 'Factory Default', 'Bezeichnet das zurücksetzen eines Netzwerk Gerätes auf den Zustand bei Erwerb der Hardware.', 0),
(119, 1, 8, 'Moodle', 'Ein freies objektorientiertes Kursmanagementsystem und eine Lernplattform. Die Software bietet die Möglichkeiten zur Unterstützung kooperativer Lehr- und Lernmethoden.', 0),
(120, 1, 6, 'SKIL', 'Das Leitbild meiner Berufsschule und ein Lernkonzept, welches das eigenständige Lernen fördert.', 0),
(121, 1, 6, 'BiLi', 'Bilinguale Klassen\r\nBei uns gibt es Bilinguale Klassen, in denen zu einem sehr großen Teil auf Englisch kommuniziert wird. Projekte, Arbeitsaufgaben und der Unterricht sind größtenteils in englischer Sprache.\r\n', 0),
(122, 1, 8, 'Mahara', 'Eine Lernplattform zur freien Gestaltung und Aufarbeitung von Lerninhalten. Ähnlich einem Portfolio ist es uns möglich Seiten zu erstellen und Projekte zu dokumentieren. ', 0),
(123, 1, 9, 'Grafiz', 'Das Grafiz ist eine Lernmethode. Der Begriff ist ein Akronym aus Grafik und Notiz, eine häufige Schreibweise ist daher Graf-iz. Mit dieser Lernmethode bringt man neue, zu lernende Informationen auf einer Seite (z.B. eine DIN-A4-Seite) in ein bestimmtes Schema, das für ein Grafiz charakteristisch ist. Während die meisten Lernmethoden entweder grafik- oder textorientiert sind, verbindet das Grafiz beide Herangehensweisen.', 0),
(124, 1, 6, 'GuS', 'Gesundheit und Sport\r\nEin Unterrichtsfach in dem wir Sport machen, und alles lernen, was man für ein gesundes Leben braucht.\r\n', 0),
(125, 1, 6, 'IT-WS', 'Informationstechnik-Workshop\r\nEin Unterrichtsfach in dem wir den mathematischen Aspekt der Informatik näher betrachten.\r\n', 0),
(126, 1, 9, 'Binärcode', 'Auch Dualcode\r\nEin Code, in dem Informationen durch Sequenzen von zwei verschiedenen Symbolen (zum Beispiel 1/0 oder wahr/falsch) dargestellt werden. Die Basis dieses Systems ist die Zahl 2. Die Bezeichnung leitet sich von der lateinischen Vorsilbe bi ab, welche die Bedeutung zwei oder doppelt hat. Binärcodes bilden auf Grund ihrer Einfachheit in aller Regel die Grundlage für die Verarbeitung digitaler Informationen und werden deshalb häufig im Zusammenhang mit deren Verarbeitung genannt; „Computer funktionieren mit diesem Code“. Viele der Binärcode-Arten sind im Gebiet der Informationstechnik entstanden und werden dort verwendet; der Ausdruck „Binärcode“ wird im Computer-Sprachgebrauch auch als Synonym für Maschinencode, Maschinenprogramm oder Maschinensprache verwendet.\r\n', 0),
(127, 1, 9, 'Hex', 'Hexadezimal\r\nÄhnlich wie das Binäre Zahlensystem, aber verwendet die Basis 16 statt 2. \r\n', 0),
(128, 1, 9, 'Oktal', 'Ähnlich wie das Binäre Zahlensystem, aber verwendet die Basis 8 statt 2', 0),
(129, 1, 6, 'AE-M', 'Anwendungs Entwicklung Modul\r\nEin Unterrichtsfach in dem wir mehr über Software Entwicklung erfahren und selbst programmieren.\r\n', 0),
(130, 1, 9, 'Datenbanken', 'Meist Relationale Datenbanken\r\nEine relationale Datenbank dient zur elektronischen Datenverwaltung in Computersystemen und beruht auf einem tabellenbasierten relationalen Datenbankmodell. Das zugehörige Datenbankmanagementsystem wird als relationales Datenbankmanagementsystem oder RDBMS (Relational Database Management System) bezeichnet. Zum Abfragen und Manipulieren der Daten wird überwiegend die Datenbanksprache SQL(Structured Query Language) eingesetzt. Grundlage des Konzeptes relationaler Datenbanken ist die Relation, ein im mathematischen Sinn wohldefinierter Begriff. Sie stellt eine mathematische Beschreibung einer Tabelle dar; siehe Datenbankrelation. Operationen auf diesen Relationen werden durch die relationale Algebra bestimmt. Die relationale Algebra ist somit die theoretische Grundlage von SQL.\r\n', 0),
(131, 1, 9, 'ERM', 'Entity Relationship Model\r\nDient dazu, im Rahmen der semantischen Datenmodellierung einen in einem gegebenen Kontext, z. B. einem Projekt zur Erstellung eines Informationssystems, relevanten Ausschnitt der realen Welt zu beschreiben. Das ER-Modell besteht aus einer Grafik (ER-Diagramm, Abk. ERD) und einer Beschreibung der darin verwendeten Elemente, wobei deren Bedeutung (Semantik) und ihre Struktur dargestellt wird.\r\n', 0),
(132, 1, 6, 'IT-M', 'Informationstechnik Modul\r\nEin Unterrichtsfach in dem wir Hardware näher betrachten und insbesondere auf Elektrotechnische Aspekte eingehen.\r\n', 0),
(133, 1, 7, 'Peripherie', 'In der Informatik wird der Ausdruck Peripherie verwendet, wenn von Peripheriegeräten die Rede ist, das sind z. B. alle Geräte, die an die Zentraleinheit angeschlossen sind/werden. Diese Geräte bedürfen der Steuerung durch die Zentraleinheit und gegebenenfalls einer vorherigen Initialisierung. Dies sind zum Beispiel Drucker, Scanner, Tastatur und Maus, aber auch interne Geräte wie Anschlüsse, Laufwerke und Erweiterungskarten. Daneben werden mit Peripherie auch Peripheriebausteine oder Peripheriefunktionen bezeichnet – Teile eines Computers, die Funktionalität bietet, die nicht vom Prozessorkern selbst zur Verfügung gestellt wird, sondern von zusätzlicher Hardware (auf weiteren integrierten Schaltkreisen oder mit dem Prozessor auf demselben Chip).', 0),
(134, 1, 6, 'OGP', 'Organisations und Geschäftsprozesse\r\nEin Unterrichtsfach, in dem wir Unternehmensstrukturen näher betrachten und auf den wirtschaftlichen Teil eingehen.\r\n', 0),
(135, 1, 6, 'WuG', 'Wirtschaft und Gesellschaft\r\nEin Unterrichtsfach, in dem wir uns auf das Zusammenspiel von Wirtschaft und Gesellschaft in unserem Berufsfeld fokussieren.\r\n', 0),
(136, 1, 2, 'IT-Kursvorbereitung', 'Die Kursvorbereitung ist ein regelmäßiger Teil der Ausbildung. Wir bieten eine Vielzahl an Kursen in unseren Räumlichkeiten an und stellen jedem Teilnehmer Hardware zur Verfügung. Unter Kursvorbereitung verstehen wir, den Raum herzurichten mit Tischen und Stühlen, Rechner einsatzbereit zu machen und in den Räumen unterzubringen. Wir müssen eine saubere Verkabelung von Rechnern, Monitoren, Routern, Switches, Access-Points, IP Telefonen, Beamer und sonstiger Hardware gewährleisten, die in den jeweiligen Kursen benötigt wird. Zur Kursvorbereitung gehört auch die Hardware ggf. zurückzusetzen und die passenden Betriebssysteme, Treiber und Softwarelösungen einzurichten. Meistens läuft die Kursvorbereitung am Freitag ab, um für die neuen Kunden am Montag alles aufgebaut zu haben.', 0),
(137, 1, 9, 'Nutzwertanalyse', 'Die Nutzwertanalyse (NWA auch Punktwertverfahren, Punktbewertungsverfahren oder Scoring-Modell genannt) gehört zu den qualitativen, nicht-monetären Analysemethoden der Entscheidungstheorie. Die Nutzwertanalyse ist eine Methodik, die die Entscheidungsfindung bei komplexen Problemen rational unterstützen soll. Die Nutzwertanalyse ist ein relativ altes Verfahren, das seine Ursprünge in der volkswirtschaftlichen „Utility Analysis“ hat. Während die Kosten-Nutzen-Analyse verschiedene Kriterien nur unter Effizienzgesichtspunkten betrachtet, bewertet die Nutzwertanalyse die Effektivität bzw. den Outcome. Die Nutzwertanalyse findet u. a. Anwendung im Controlling, im Projektmanagement, in der Volkswirtschaftslehre und sogar im Vergaberecht, eben überall dort wo eine Beurteilung auf Basis mehrerer quantitativer und qualitativer Kriterien, Zielen oder Bedingungen getroffen werden muss.', 0),
(138, 1, 6, 'FE-WS', 'Fach Englisch Workshop\r\nEin Unterrichtsfach, in dem wir unser fachbezogenes Englisch verbessern. Das ganze im Rahmen des IT Sektors.\r\n', 0),
(139, 1, 9, 'S.M.A.R.T', 'Specific Measurable Accepted Reasonable Time\r\nSMART ist ein Akronym für Specific Measurable Accepted Reasonable Time Bound und dient z. B. im Projektmanagement, im Rahmen von Mitarbeiterführung und Personalentwicklung als Kriterium zur eindeutigen Definition von Zielen im Rahmen einer Zielvereinbarung.\r\n', 0),
(140, 1, 9, 'Binärpräfixe / Dezimalpräfixe', 'Vorsätze für Maßeinheiten (Einheitenvorsätze), die Vielfache bestimmter Zweierpotenzen bezeichnen. Sie werden vorwiegend mit Einheiten wie Bit (Symbol „bit“, selten „b“) oder Byte (Symbol „B“) verwendet, um Datenmengen zu bemessen, da hier aus technischen Gründen häufig Zweierpotenzen auftreten. Im Unterschied dazu sind Dezimalpräfixe Einheitenvorsätze, die Vielfache bestimmter Zehnerpotenzen bezeichnen. SI-Präfixe sind Dezimalpräfixe für die Benutzung im SI-Einheitensystem, IEC-Binärpräfixe sind Binärpräfixe, gedacht für die Verwendung bei Datenmengen. Als Einheitenvorsatz wird sowohl der Name als auch das zugehörige Symbol bezeichnet.', 0),
(141, 1, 7, 'Datenspeicher', 'Ein Datenspeicher oder Speichermedium dient zur Speicherung von Daten. Der Begriff Speichermedium wird auch als Synonym für einen konkreten Datenträger verwendet. Im engeren Sinne bezeichnet man mit Datenträger oder Speichermedium Medien, die als Datenspeicher dienen.', 0),
(142, 1, 7, 'CPU', 'Central Processing Unit\r\nEin Prozessor ist ein (meist sehr stark verkleinertes) (meist frei) programmierbares Rechenwerk, also eine Maschine oder eine elektronische Schaltung, die gemäß übergebenen Befehlen andere Maschinen oder elektrische Schaltungen steuert und dabei einen Algorithmus (Prozess) vorantreibt, was meist Datenverarbeitung beinhaltet.\r\n', 0),
(143, 1, 7, 'GPU', 'Graphics Processing Unit\r\nEin auf die Berechnung von Grafiken spezialisierter und optimierter Prozessor für Computer, Spielkonsolen und Smartphones. Zusätzlich gibt er die berechneten Grafiken an ein oder mehrere Displays aus.\r\n', 0),
(144, 1, 1, 'Syntax', 'Ein Regelsystem zur Kombination elementarer Zeichen zu zusammengesetzten Zeichen in natürlichen oder künstlichen Zeichensystemen. Die Zusammenfügungsregeln der Syntax stehen hierbei den Interpretationsregeln der Semantik gegenüber.', 0),
(145, 1, 1, 'Semantik', 'Die Theorie oder Wissenschaft von der Bedeutung der Zeichen. Zeichen können hierbei beliebige Symbole sein, insbesondere aber auch Sätze, Satzteile, Wörter oder Wortteile. Soweit sich die Semantik mit Zeichen aller Art befasst, ist sie ein Teilbereich der Semiotik. Sofern sie sich allein mit sprachlichen Zeichen befasst, ist sie eine Teildisziplin der Linguistik.', 0),
(146, 1, 9, 'Kryptologie', 'Eine Wissenschaft, die sich mit der Verschlüsselung und Entschlüsselung von Informationen und somit mit der Informationssicherheitbeschäftigt. Bis ins späte 20. Jahrhundert waren Verschlüsselungsverfahren der einzige Untersuchungsgegenstand. Mit der Etablierung des elektronischen Datenverkehrs kamen weitere Bereiche hinzu. Dazu zählen digitale Signaturen, Identifikationsprotokolle, kryptografische Hashfunktionen, Geheimnisteilung, elektronische Wahlverfahren und elektronisches Geld. Heute ist die Kryptologie in die Fachgebiete Symmetrische Kryptographie, Public-Key-Kryptographie, Hardwarekryptographie und Theoretische Kryptologie unterteilt.', 0),
(147, 1, 9, 'RSA-Verfahren', 'Schlüsselaustauschverfahren\r\nEin asymmetrisches kryptographisches Verfahren, das sowohl zum Verschlüsseln als auch zum digitalen Signieren verwendet werden kann. Es verwendet ein Schlüsselpaar, bestehend aus einem privaten Schlüssel, der zum Entschlüsseln oder Signieren von Daten verwendet wird, und einem öffentlichen Schlüssel, mit dem man verschlüsselt oder Signaturen prüft. Der private Schlüssel wird geheim gehalten und kann nur mit extrem hohem Aufwand aus dem öffentlichen Schlüssel berechnet werden.\r\n', 0);
INSERT INTO `glossary` (`ID`, `userID`, `category`, `term`, `description`, `deleted`) VALUES
(148, 1, 9, 'AES-256', 'Advanced Encryption Standard\r\nEs handelt sich um ein symmetrisches Verschlüsselungsverfahren, d. h. der Schlüssel zum Ver- und Entschlüsseln ist identisch. Der Rijndael-Algorithmus besitzt variable, voneinander unabhängige Block- und Schlüssellängen von 128, 160, 192, 224 oder 256 Bit. Rijndael bietet ein sehr hohes Maß an Sicherheit; erst mehr als zehn Jahre nach seiner Standardisierung wurde der erste theoretisch interessante, praktisch aber nicht relevante Angriff gefunden. AES schränkt die Blocklänge auf 128 Bit und die Wahl der Schlüssellänge auf 128, 192 oder 256 Bit ein. Die Bezeichnungen der drei AES-Varianten AES-128, AES-192 und AES-256 beziehen sich jeweils auf die gewählte Schlüssellänge.\r\n', 0),
(149, 1, 9, 'SQL-Join', 'Ein Join bezeichnet die beiden hintereinander ausgeführten Operationen kartesisches Produkt und Selektion. Die Selektionsbedingung ist dabei üblicherweise ein Vergleich von Attributen.', 0),
(150, 1, 9, 'Kartesisches Produkt', 'Das kartesische Produkt oder Mengenprodukt ist in der Mengenlehre eine grundlegende Konstruktion, aus gegebenen Mengen eine neue Menge zu erzeugen. Gelegentlich wird für das kartesische Produkt auch die mehrdeutige Bezeichnung „Kreuzprodukt“ verwendet. Das kartesische Produkt zweier Mengen ist die Menge aller geordneten Paare von Elementen der beiden Mengen, wobei die erste Komponente ein Element der ersten Menge und die zweite Komponente ein Element der zweiten Menge ist.', 0),
(151, 1, 9, 'Lease', 'Ein Begriff für die Zuordnung einer IP über DHCP. Eine Lease-time legt den Zeitpunkt der Zuweisung fest und bedingt ggf. einen Ablauf der Gültigkeit der Verbindung.', 0),
(152, 1, 7, 'Wartungskit', 'Ein Wartungskit bei einem Drucker ist ein Hardware Austausch Kit, mit neuer Steuereinheit, Einzugrollen und Walzen. Es ersetzt die potentiellen Verschleißteile eines Druckers und verlängert somit seine Lebenszeit.', 0),
(153, 1, 7, 'Docking Station', 'Eine Dockingstation (teilweise auch Andockstation, englisch to dock „andocken“, „koppeln“) wird verwendet, um tragbare Geräte mit einem festen Netz zu verbinden.', 0),
(154, 1, 9, 'Netzwerkmanagement', 'Monitoring\r\nUnter Netzwerkmanagement versteht man die Verwaltung, Betriebstechnik und Überwachung von IT-Netzwerken und Telekommunikationsnetzen. Der englische Fachbegriff für diese Tätigkeiten lautet OAM, Operation, Administration and Maintenance.\r\n', 0),
(155, 1, 10, 'PPP', 'Point-to-Point Protocoll\r\nIn der Informationstechnologie ein Netzwerkprotokoll zum Verbindungsaufbau über Wählleitungen. Das Protokoll basiert auf HDLC und ist der Nachfolger von SLIP sowie einer Reihe proprietärer Protokolle dieser Art. Heute ist PPP das Standardprotokoll, das Internetprovider für die Einwahl der Kunden verwenden. Mit Hilfe von PPP teilt der Provider dem Kunden-Computer oder -Router, welcher bei der Einwahl mit dem Internet verbunden werden soll, wichtige Daten mit, z. B. dessen IP-Adresse oder den zu verwendenden DNS-Server. Früher wurde PPP zumeist über Modem- oder ISDN-Verbindungen verwendet; heutzutage kommt es jedoch auch bei neueren Verbindungsarten wie z. B. GPRS-/UMTS-Mobilfunkdatenverbindungen oder (typischerweise als PPPoE) bei DSL-Verbindungen zum Einsatz.\r\n', 0),
(156, 1, 10, 'IP-Adresse', 'Eine IP-Adresse ist eine Adresse in Computernetzen, die – wie das Internet – auf dem Internetprotokoll (IP) basiert. Sie wird Geräten zugewiesen, die an das Netz angebunden sind, und macht die Geräte so adressierbar und damit erreichbar. Die IP-Adresse kann einen einzelnen Empfänger oder eine Gruppe von Empfängern bezeichnen (Multicast, Broadcast). Umgekehrt können einem Computer mehrere IP-Adressen zugeordnet sein. Die IP-Adresse wird vor allem verwendet, um Daten von ihrem Absender zum vorgesehenen Empfänger transportieren zu können. Ähnlich der Postanschrift auf einem Briefumschlag werden Datenpakete mit einer IP-Adresse versehen, die den Empfänger eindeutig identifiziert. Aufgrund dieser Adresse können die „Poststellen“, die Router, entscheiden, in welche Richtung das Paket weitertransportiert werden soll. Im Gegensatz zu Postadressen sind IP-Adressen nicht an einen bestimmten Ort gebunden.', 0),
(157, 1, 9, 'Netzklassen', 'Man unterscheidet zwischen IP-Adressen der Klasse A,B und C. Netzklassen ist ein Begriff, der im Zusammenhang mit dem Internet Protocol verwendet wurde. Netzklassen (oft mit der englischen Bezeichnung Classful network benannt) waren eine von 1981 bis 1993 verwendete Unterteilung des IPv4-Adressbereiches in Teilnetze für verschiedene Nutzer. Von der Netzklasse konnte die Größe eines Netzes abgeleitet werden, d. h. bei IPv4 die Anzahl der Bits für den Netzanteil in der IP-Adresse. Dies ist beim Routing im Intranet und Internet wichtig, um zu unterscheiden, ob eine Ziel-IP-Adresse im eigenen oder einem fremden Netz zu finden ist. Da Netzklassen sich als zu unflexibel und wenig sparsam im Umgang mit der knappen Ressource IP-Adressen herausgestellt haben, wurden sie 1985 zunächst durch Subnetting und 1992 mit Supernetting ergänzt und 1993 schließlich mit der Einführung des Classless Inter-Domain Routing (kurz: ''CIDR'') ersetzt. Dessen ungeachtet wird das veraltete und nicht mehr praxisrelevante Konzept der Netzklassen häufig nach wie vor von Dozenten vermittelt und findet sich häufig auch weiter in Lehrbüchern.', 0),
(158, 1, 9, 'Scrum', 'Ein Vorgehensmodell des Projekt- und Produktmanagements, insbesondere zur agilen Softwareentwicklung. Es wurde ursprünglich in der Softwaretechnik entwickelt, ist aber davon unabhängig. Scrum wird inzwischen in vielen anderen Bereichen eingesetzt.', 0),
(159, 1, 10, 'TCP', 'Transmission Control Protocol\r\nein Netzwerkprotokoll, das definiert, auf welche Art und Weise Daten zwischen Netzwerkkomponenten ausgetauscht werden sollen. Nahezu sämtliche aktuellen Betriebssysteme moderner Computer beherrschen TCP und nutzen es für den Datenaustausch mit anderen Rechnern. Das Protokoll ist ein zuverlässiges, verbindungsorientiertes, paketvermitteltes Transportprotokoll in Computernetzwerken. Es ist Teil der Internetprotokollfamilie, der Grundlage des Internets. Im Unterschied zum verbindungslosen UDP (User Datagram Protocol) stellt TCP eine Verbindung zwischen zwei Endpunkten einer Netzverbindung (Sockets) her. Auf dieser Verbindung können in beide Richtungen Daten übertragen werden.\r\n', 0),
(160, 1, 10, 'UDP', 'User Datagram Protocol\r\nEin minimales, verbindungsloses Netzwerkprotokoll, das zur Transportschicht der Internetprotokollfamilie gehört. UDP ermöglicht Anwendungen den Versand von Datagrammen in IP-basierten Rechnernetzen.\r\n', 0),
(162, 1, 9, 'Broadcast', 'Ein Broadcast (engl. Sendung, Übertragung, Rundfunk, Ausstrahlung, hier Rundruf) in einem Computernetzwerk ist eine Nachricht, bei der Datenpakete von einem Punkt aus an alle Teilnehmer eines Nachrichtennetzes übertragen werden. In der Vermittlungstechnik ist ein Broadcast eine spezielle Form der Mehrpunktverbindung.\r\nEin Broadcast-Paket erreicht alle Teilnehmer eines lokalen Netzwerks, ohne dass sie explizit als Empfänger angegeben sind. Daraus folgt, dass Broadcasts sich auf das eigene Netzwerksegment beschränken sollten, und nicht von Routernweitergeleitet werden. Soll eine Information an eine Gruppe von ausgewählten Teilnehmern gesendet werden, verwendet man stattdessen ein Multicast-Verfahren.\r\nJeder Empfänger eines Broadcasts entscheidet selbst, ob er im Falle seiner Zuständigkeit die erhaltene Nachricht entweder verarbeitet oder andernfalls stillschweigend verwirft.\r\n', 0),
(163, 1, 9, 'Multicast', 'Multicast (englisch) bezeichnet in der Telekommunikation eine Nachrichtenübertragung von einem Punkt zu einer Gruppe und ist daher eine Form der Mehrpunktverbindung. Die Technik kommt gemäß OSI-Modell in der Vermittlungsschichtzum Einsatz. Ihr Vorteil besteht darin, dass zeitgleich Nachrichten an mehrere Teilnehmer oder an eine geschlossene Teilnehmergruppe übertragen werden können, ohne dass sich die hierfür verwendete Datenübertragungsrate beim Sendermit der Zahl der Empfänger multipliziert. Der Sender braucht beim Multicasting nur dieselbe Datenübertragungsrate wie ein einzelner Empfänger. Handelt es sich um paketorientierte Datenübertragung, findet die Vervielfältigung der Datenpakete an jedem einzelnen Verteiler (Router, Switch oder Hub) auf der Route statt.\r\nDer Unterschied zu Broadcast besteht darin, dass beim Broadcast Inhalte verbreitet werden (hier: ganz überwiegend sog. Content), die – mit geeigneter Empfangsausrüstung – jeder ansehen kann, wohingegen beim Multicast vorher eine Anmeldung beim Sender erforderlich ist\r\n', 0),
(164, 1, 9, 'Anycast', 'Anycast ist eine Adressierungsart in Computernetzen, bei der man über eine Adresse einen einzelnen Rechner aus einer ganzen Gruppe von Rechnern ansprechen kann. Es antwortet derjenige, der über die kürzeste Route erreichbar ist. Diese Technik kommt gemäß OSI-Modell in der Vermittlungsschicht zum Einsatz.', 0),
(165, 1, 9, 'CIDR', 'Classless Inter-Domain Routing (CIDR) beschreibt ein Verfahren zur effizienteren Nutzung des bestehenden 32-Bit-IP-Adress-Raumes für IPv4. Es wurde 1993 eingeführt (RFC 1518, RFC 1519, RFC 4632), um die Größe von Routingtabellen zu reduzieren und um die verfügbaren Adressbereiche besser auszunutzen.\r\nMit CIDR entfällt die feste Zuordnung einer IPv4-Adresse zu einer Netzklasse, aus welcher aus den ersten beiden Bits des ersten Oktetts die Präfixlänge der jeweiligen Netzklasse hervorging. Die Präfixlänge ist mit CIDR frei wählbar und muss deshalb beim Aufschreiben eines IP-Subnetzes mit angegeben werden. Dazu verwendet man häufig eine Netzmaske.\r\nBei CIDR führte man als neue Notation so genannte Suffixe ein. Das Suffix gibt die Anzahl der 1-Bits in der Netzmaske an. Diese Schreibform, z. B. 172.17.0.0/17, ist viel kürzer und im Umgang einfacher als die Dotted decimal notation wie 172.17.0.0/255.255.128.0 und ebenfalls eindeutig.\r\n', 0),
(166, 1, 7, 'USV', 'Eine unterbrechungsfreie Stromversorgung (USV), englisch Uninterruptible Power Supply (UPS), wird eingesetzt, um bei Störungen im Stromnetz die Versorgung kritischer elektrischer Lasten sicherzustellen. Davon zu unterscheiden ist die allgemeine Ersatzstromversorgung (AEV, auch als „Netzersatzanlage“ bezeichnet), da diese bei der Umschaltung eine kurze Unterbrechung der Stromversorgung aufweist.', 0),
(167, 1, 10, 'Radius', 'Remote Authentication Dial-In User Service (RADIUS, deutsch Authentifizierungsdienst für sich einwählende Benutzer) ist ein Client-Server-Protokoll, das zur Authentifizierung, Autorisierung und zum Accounting (Triple-A-System) von Benutzern bei Einwahlverbindungen in ein Computernetzwerk dient. RADIUS ist der De-facto-Standard bei der zentralen Authentifizierung von Einwahlverbindungen über Modem, ISDN, VPN, WLAN (IEEE 802.1X) und DSL.', 0),
(168, 1, 10, 'TACACS', 'Das Terminal Access Controller Access Control System (TACACS) ist ein in einzelnen Teilfassungen[1][2] von der IETF standardisiertes und ansonsten auch in anderen Fassungen (beispielsweise Cisco Systems TACACS+[3]) weit verbreitetes Kommunikations- Protokoll für AAA (Authentisierung, Autorisierung und Zurechnung (Accounting)). Es dient der Client-Server-Kommunikation zwischen AAA-Servern und einem Network Access Server (NAS). TACACS-Server stellen eine zentrale Authentifizierungsinstanz für Benutzer zur Verfügung, die in einem Intranet oder über das Internet eine IP-Verbindung mit einem NAS herstellen möchten.', 0),
(169, 1, 8, 'PowerShell', 'PowerShell (auch Windows PowerShell und PowerShell Core) ist ein plattformübergreifendes Framework von Microsoft zur Automatisierung, Konfiguration und Verwaltung von Systemen, bestehend aus einem Kommandozeileninterpreter sowie einer Skriptsprache.', 0),
(170, 1, 9, 'E-Commerce', 'Elektronischer Handel, auch Internethandel, Onlinehandel oder E-Commerce, bezeichnet Ein- und Verkaufsvorgänge mittels Internet (oder anderer Formen von Datenfernübertragung). Beim elektronischen Handel wird durch Datenübertragung eine unmittelbare Geschäftsbeziehung zwischen Anbietern und Abnehmern abgewickelt. Im weiteren Sinne umfasst der elektronische Handel jede Art von geschäftlicher Transaktion, bei der Internet-Anbieter – auch solche, die keine Handelsunternehmen sind – und Internet-Nachfrager als Transaktionspartner im Rahmen von Leistungsanbahnung, -vereinbarung oder -erbringung elektronische Kommunikationstechniken einsetzen.', 0),
(171, 1, 9, 'Searchengines', 'Eine Suchmaschine ist ein Programm zur Recherche von Dokumenten, die in einem Computer oder einem Computernetzwerk wie z. B. dem World Wide Web gespeichert sind. Internet-Suchmaschinen haben ihren Ursprung in Information-Retrieval-Systemen. Sie erstellen einen Schlüsselwort-Index für die Dokumentbasis, um Suchanfragen über Schlüsselwörter mit einer nach Relevanz geordneten Trefferliste zu beantworten. Nach Eingabe eines Suchbegriffs liefert eine Suchmaschine eine Liste von Verweisen auf möglicherweise relevante Dokumente, meistens dargestellt mit Titel und einem kurzen Auszug des jeweiligen Dokuments. Dabei können verschiedene Suchverfahren Anwendung finden.', 0),
(172, 1, 8, 'Packet Tracer', 'Packet Tracer ist ein von Cisco entwickeltes Netzwerk Simulations Programm. Mit der Software ist es möglich, Geräte virtuell darzustellen und in den eigens aufgebauten Topologien nach Belieben das Konfigurieren und Verkabeln zu üben.', 0),
(173, 1, 9, 'Topologie', 'Die Netzstruktur eines Rechnernetzes wird mit seiner Topologie beschrieben, der spezifischen Anordnung der Geräte, die mittels dieses Netzes untereinander verbunden sind und darüber Daten austauschen. Es wird zwischen physikalischer und logischer Topologie unterschieden. Die physikalische Topologie beschreibt den Aufbau der Netzverkabelung; die logische Topologie den Datenfluss zwischen den Endgeräten. Die bekanntesten Topologien sind entweder Ring, Mashed, Full Mashed, Stern, Linien, Baum oder Bus förmig.', 0),
(174, 1, 8, 'Apache', 'Der Apache HTTP Server ist ein quelloffenes und freies Produkt der Apache Software Foundation und einer der meistbenutzten Webserver im Internet. Der Apache HTTP Server ist in fast allen Linux-Distributionen und in macOS standardmäßig enthalten. Der Apache bietet die Möglichkeit, mittels serverseitiger Skriptsprachen Webseiten dynamisch zu erstellen. Häufig verwendete Skriptsprachen sind PHP, Perl oder Ruby. Weitere Sprachen sind Python, JavaScript (z. B. V8CGI), Lua, Tcl und .NET (mit ASP.NET oder Mono). Diese sind kein Bestandteil des Webservers, sondern müssen ebenfalls entweder als Module eingebunden werden oder über das CGI angesprochen werden, da Apache im Gegensatz zu beispielsweise nginx modulbasiert ist. Die Module können jederzeit aktiviert oder deaktiviert werden. Über das bei der Apache-Installation enthaltene mod_include kann Server Side Includes (SSI) ausgeführt werden. Damit ist es möglich, einfache dynamische Webseiten zu erstellen und den Verwaltungsaufwand von statischen Webseiten zu minimieren.', 0),
(175, 1, 8, 'Ubuntu', 'Ubuntu (auch Ubuntu Linux) ist eine kostenlose Linux-Distribution, die auf Debian basiert. Der Name Ubuntu bedeutet auf Zulu etwa „Menschlichkeit“. Die Entwickler verfolgen mit dem System das Ziel, ein einfach zu installierendes und leicht zu bedienendes Betriebssystem mit aufeinander abgestimmter Software zu schaffen. Es gibt Ubuntu in vielen Varianten, unter anderen auch die Server oder Dekstop Varianten.', 0),
(176, 1, 9, 'Fork', 'Eine Abspaltung (auch Fork; englisch fork ‚Gabel‘, üblicherweise im Maskulinum verwendet) ist in der Softwareentwicklung ein Entwicklungszweig nach der Aufspaltung eines Projektes in zwei oder mehrere Folgeprojekte; dieQuelltexte oder Teile davon werden hierbei unabhängig vom ursprünglichen Mutterprojekt weiterentwickelt. Häufig, besonders in Bezug auf das Urheberrecht, wird auch von Derivat (derivativ, lateinisch derivare ‚ableiten‘) gesprochen.', 0),
(177, 1, 1, 'C#', 'C# (englisch c sharp) ist eine typsichere, objektorientierte Allzweck-Programmiersprache. Architekt der Sprache ist Anders Hejlsberg im Auftrag von Microsoft. Die Sprache ist an sich plattformunabhängig, wurde aber im Rahmen der .NET-Strategie entwickelt, ist auf diese optimiert und meist in deren Kontext zu finden. Microsoft bezeichnet seine Implementierung als Visual C#. Historisch wurde in C# fast exklusiv für Microsoft Windows entwickelt. Durch Xamarin ist es inzwischen aber auch möglich, für macOS, iOS und Android zu entwickeln. Zudem gibt es mit .NET Core auch offizielle Unterstützung für GNU/Linux und macOS.', 0),
(178, 1, 7, 'HDD', 'Ein Festplattenlaufwerk (englisch hard disk drive, Abkürzung HDD), oft auch als Festplatte oder Hard Disk (abgekürzt HD) bezeichnet, ist ein magnetisches Speichermedium der Computertechnik, bei welchem Daten auf die Oberfläche rotierender Scheiben (auch: „Platter“) geschrieben werden. Zum Schreiben wird die hartmagnetische Beschichtung der Scheibenoberfläche entsprechend der aufzuzeichnenden Information berührungslos magnetisiert. Durch die Remanenz (verbleibende Magnetisierung) erfolgt das Speichern der Information. Das Lesen der Information erfolgt durch berührungsloses Abtasten der Magnetisierung der Plattenoberfläche.', 0),
(179, 1, 7, 'SSD', 'Ein Solid-State-Drive bzw. eine Solid-State-Disk (kurz SSD), seltener auch Halbleiterlaufwerk, ist ein nichtflüchtiger Datenspeicher der Computertechnik. Die Bezeichnung „Drive“ (englisch für Laufwerk) bezieht sich auf die ursprüngliche und übliche Definition für dieses Medium von Computern, jedoch enthalten SSDs anders als herkömmliche Bauarten keine beweglichen Teile. Die Bauform und die elektrischen Anschlüsse können den Normen für Laufwerke mit magnetischen oder optischen Speicherplatten entsprechen, müssen dies aber nicht. Sie können zum Beispiel auch als PCIe-Steckkarte ausgeführt sein. Wird eine magnetische Festplatte mit einem Solid-State-Speicher zu einem Gerät kombiniert, spricht man von einer Hybridfestplatte (engl. hybrid hard drive, HHD; auch engl. solid state hybrid drive, SSHD). Durch das Fehlen beweglicher Teile sind SSDs gegenüber herkömmlichen Laufwerken mechanisch robuster. Sie haben außerdem kürzere Zugriffszeiten und arbeiten geräuschlos. Sie sind jedoch deutlich teurer als entsprechende Festplattenlaufwerke (HDDs) und können trotz ihrer Robustheit ausfallen oder Systemfehler verursachen. Ursache sind meist Fehler im verwendeten Controller oder in der Firmware, die immer wieder unausgereift auf den Markt kommt und erst im Verlauf durch Updates nachgebessert wird.', 0),
(180, 1, 9, 'AAA', 'Triple-A-Systeme (oder AAA-Systeme, kurz AAA) werden in großem Umfang bei kabelgebundenen und mobilen Netzwerk-Betreibern sowie Internetdienstanbietern eingesetzt. Die drei A stehen dabei für Authentifizierung (englisch authentication), Autorisierung (engl. authorization) und Abrechnung (engl. accounting) des Netzwerkzugangs von Kunden (Endkunden). Das Triple-A-System nimmt grundsätzlich nicht am Datenverkehr teil, den es steuert. Es benutzt die Protokollhierarchien des Internets und verwendet grundsätzlich die allgemein im Netzwerk verfügbare Uhrzeitinformation zur Generierung von authentischen Ereignismeldungen mit Ereignisdaten (paarweise kommt-Zeiten/geht-Zeiten). Das Triple-A-System hat vorrangig die Aufgabe, Netzelemente im Transportnetz zu steuern und von diesen Netzelementen erfasste Nutzungsdaten zu sammeln oder Zugriffe darauf zu gewähren oder zu verwehren. Die Daten, die der authentifizierte Kunde überträgt, werden dagegen vom Transportnetz übertragen (zum Beispiel dem öffentlichen, globalen IP-Transportnetz, das „Internet“ genannt wird).', 0),
(181, 1, 9, 'Prozesse', 'Ein Prozess (von lat. procedere = vorwärts gehen) kann als ein Verlauf, eine Entwicklung oder ganz allgemein als ein System von Bewegungen bezeichnet werden. „Prozesse“ nennt man auch in Computersystemen ablaufende Programme, die in der Regel Teile der Systemsoftware sind.', 0),
(182, 1, 9, 'Dienst', 'Der Begriff Dienst (auch Service oder Daemon) beschreibt in der Informatik allgemein eine technische, autarke Einheit, die zusammenhängende Funktionalitäten zu einem Themenkomplex bündelt und über eine klar definierte Schnittstelle zur Verfügung stellt. Typische Beispiele sind hier Webservices, die Funktionalitäten für Dritte über das Inter- bzw. Intranet verfügbar machen, Netzwerkdienste, Systemdienste oder auch Telekommunikationsdienste. In Windows Systemen nennt man es oft Dienst und in Unix Systemen Deamon.', 0),
(183, 1, 9, 'Socket', 'Ein Socket (von engl. Sockel, Steckverbindung oder Steckdose) ist ein vom Betriebssystem bereitgestelltes Objekt, das als Kommunikationsendpunkt dient. Ein Programm verwendet Sockets, um Daten mit anderen Programmen auszutauschen. Das andere Programm kann sich dabei auf demselben Computer (Interprozesskommunikation) oder einem anderen, via Netzwerk erreichbaren Computer befinden. Die Kommunikation über Sockets erfolgt in der Regel bidirektional, das heißt, über das Socket können Daten sowohl empfangen als auch gesendet werden.', 0),
(184, 1, 10, 'Telnet', 'Telnet (Teletype Network) ist der Name eines im Internet weit verbreiteten Netzwerkprotokolls. Dieses alte und bekannte Client/Server-Protokoll basiert auf einem zeichenorientierten Datenaustausch über eine TCP-Verbindung. Neben dem Protokoll wird der Name Telnet auch für die Dienste Telnet-Server und insbesondere für Telnet-Client verwendet. Beide Dienste verwenden das Telnet-Protokoll zur Kommunikation.', 0),
(185, 1, 10, 'RDP', 'Das Remote Desktop Protocol (RDP) ist ein proprietäres Remote-Desktop-Protokoll von Microsoft. Es ermöglicht das Darstellen und Steuern des Bildschirminhalts eines entfernten Computers. Das Remote Desktop Protocol regelt, wie die Terminaldienste (Remote Desktop Services, vormals Terminal Services) unter Microsoft Windows NT angesprochen und genutzt werden. Der Dienst wird normalerweise auf Port TCP 3389 bereitgestellt. Ab der Version 8.0 des Remote Desktop Protokolls wird zusätzlich UDP 3389 verwendet.', 0),
(186, 1, 8, 'VNC', 'Virtual Network Computing, kurz VNC, ist eine Software, die den Bildschirminhalt eines entfernten Rechners (Server) auf einem lokalen Rechner (Client) anzeigt und im Gegenzug Tastatur- und Mausbewegungen des lokalen Rechners an den entfernten Rechner sendet. Damit kann man auf einem entfernten Rechner arbeiten, als säße man direkt davor. VNC implementiert das Remote Framebuffer Protocol und ist damit, im Gegensatz zu anderer Fernwartungssoftware, plattformunabhängig benutzbar.', 0),
(187, 1, 7, 'Mainboard', 'Die Hauptplatine (englisch Mainboard, auch Motherboard) ist die zentrale Platine eines Computers. Auf ihr sind die einzelnen Bauteile wie Prozessorsockel, RAM-Steckplätze, der BIOS-Chip mit der integrierten Firmware, Schnittstellen-Bausteine und Steckplätze für Erweiterungskarten montiert; die dafür notwendigen Leiterbahnen sind auf mehrere Lagen (Layer) aufgeteilt.', 0),
(188, 1, 9, 'PDF', 'Das Portable Document Format (kurz PDF; deutsch: (trans)portables Dokumentenformat) ist ein plattformunabhängiges Dateiformat für Dateien. Ein Leser einer PDF-Datei soll das Schriftstück immer in der Form betrachten und ausdrucken können, die der Autor festgelegt hat. Die typischen Konvertierungsprobleme (wie veränderter Seitenumbruch oder falsche Schriftarten) beim Austausch eines Schriftstückes zwischen verschiedenen Programmen entfallen dadurch. Neben Text, Bildern und Grafik kann eine PDF-Datei auch Hilfen enthalten, die die Navigation innerhalb des Schriftstückes erleichtern. Dazu gehören zum Beispiel anklickbare Inhaltsverzeichnisse und miniaturisierte Seitenvorschauen.', 0),
(189, 1, 9, 'Fremdschlüssel', 'Ein Fremdschlüssel ist ein Attribut oder eine Attributkombination einer Relation, welches auf einen Primärschlüssel (bzw. Schlüsselkandidaten) einer anderen oder der gleichen Relation verweist. Er dient als Verweis zwischen zwei Relationen, d. h., er zeigt an, welche Tupel der Relationen inhaltlich miteinander in Verbindung stehen.', 0),
(190, 1, 9, 'Primärschlüssel', 'Um die Tupel (=Zeilen) in einer Relation (=Tabelle) eindeutig identifizieren zu können, wird für die Relation ein Primärschlüssel angegeben – einer der Schlüsselkandidaten. Der Primärschlüssel wird üblicherweise so ausgewählt, dass er möglichst klein ist, das heißt möglichst wenige Attribute umfasst bzw. einen möglichst simplen Datentyp hat. Er sollte zeitlich stabil sein, seine Werte sollten sich also während des gesamten Lebenszyklus der betroffenen Tabellen nicht ändern, da dies auch Änderungen an den zugehörigen Fremdschlüsselwerten mit sich zöge. Darüber hinaus muss der ausgewählte Primärschlüssel tatsächlich die eindeutige Identifizierbarkeit der realen Objekte erlauben, die durch die Tupel der Relation repräsentiert werden.', 0),
(191, 1, 9, 'Handelskalkulation', 'Die Handelskalkulation ist eine im Handel verwendete Kalkulationsmethode, um einen Verkaufspreis und damit auch eine Preisuntergrenze für ein Produkt zu ermitteln.', 0),
(192, 1, 9, 'Marketing', 'Der Begriff Marketing oder (deutsch) Absatzwirtschaft bezeichnet zum einen den Unternehmensbereich, dessen Aufgabe (Funktion) es ist, Produkte und Dienstleistungen zu vermarkten (zum Verkauf anbieten in einer Weise, dass Käufer dieses Angebot als wünschenswert wahrnehmen); zum anderen beschreibt dieser Begriff ein Konzept der ganzheitlichen, marktorientierten Unternehmensführung zur Befriedigung der Bedürfnisse und Erwartungen von Kunden und anderen Interessengruppen (Stakeholder). ', 0),
(193, 1, 8, 'Analytics', 'Google Analytics ist ein Online-Dienst des US-amerikanischen Unternehmens Google Inc., der der Datenverkehrsanalyse von Webseiten dient. Der Dienst untersucht u. a. die Herkunft der Besucher, ihre Verweildauer auf einzelnen Seiten sowie die Nutzung von Suchmaschinen und erlaubt damit eine bessere Erfolgskontrolle von Werbekampagnen. Google Analytics wird von fast 50 % aller Websites verwendet und ist aus datenschutzrechtlicher Sicht problematisch und umstritten.', 0);

-- --------------------------------------------------------

--
-- Tabellenstruktur für Tabelle `grades`
--

CREATE TABLE IF NOT EXISTS `grades` (
  `ID` int(11) NOT NULL AUTO_INCREMENT,
  `userID` int(11) NOT NULL,
  `lesson` varchar(20) NOT NULL,
  `content` varchar(300) NOT NULL,
  `grade` varchar(10) NOT NULL,
  `date` varchar(30) NOT NULL,
  PRIMARY KEY (`ID`)
) ENGINE=InnoDB  DEFAULT CHARSET=utf8 AUTO_INCREMENT=15 ;

--
-- Daten für Tabelle `grades`
--

INSERT INTO `grades` (`ID`, `userID`, `lesson`, `content`, `grade`, `date`) VALUES
(1, 1, 'IT-WS', 'Zahlensysteme, Binär & Dezimalpräfixe, Codierung', '1', '1517233770'),
(2, 1, 'Projekt01', 'Pitch Präsentation IT-Solutions Produkt vorstellen', '1+', '1516974570'),
(3, 1, 'IT-M', 'Peripherie Geräte Gruppenleistung', '1-', '1510753770'),
(5, 1, 'Projekt01', 'Datenbank vorstellen, CREATE, INSERT, Query, ERM', '1', '1517492970'),
(6, 1, 'SuK', 'Gesprächsrahmen, Active Listening, Four sides of communication model', '1', '1522814400'),
(7, 1, 'FE-M', 'Describe your Job and Company', '1-', '1522814400'),
(8, 1, 'IT-M', 'Elektrotechnik, Reihenschaltung, Parallelschaltung, Wirkungsgrad, Leistung ', '4', '1523419200'),
(9, 1, 'OGP', 'Handelskalkulation, Nutzwerkanalyse, Angebotstext', '3-', '1523505600'),
(10, 1, 'IT-WS', 'CCNA Chapter 3', '2', '1523851200'),
(11, 1, 'WuG', 'Rechte und Pflichten eines Auszubildenden', '2', '1523937600'),
(12, 1, 'IT-M', 'Präsentation über Kupferkabel, Material, Aufbau', '1', '1524024000'),
(13, 1, 'AE-M', 'SQL Querys über eine Datenbank anfertigen ', '1-', '1524110400'),
(14, 1, 'OGP', 'Netzplantechnik, Puffer, kritischer Pfad, Organisationsstrukturen', '3+', '1524196800');

-- --------------------------------------------------------

--
-- Tabellenstruktur für Tabelle `reports`
--

CREATE TABLE IF NOT EXISTS `reports` (
  `ID` int(11) NOT NULL AUTO_INCREMENT,
  `userID` int(11) NOT NULL,
  `date` varchar(50) NOT NULL,
  `cw` varchar(10) NOT NULL,
  `location` varchar(11) NOT NULL,
  `begin` varchar(10) NOT NULL,
  `end` varchar(10) NOT NULL,
  `deleted` int(1) NOT NULL,
  PRIMARY KEY (`ID`)
) ENGINE=InnoDB  DEFAULT CHARSET=utf8 AUTO_INCREMENT=294 ;

--
-- Daten für Tabelle `reports`
--

INSERT INTO `reports` (`ID`, `userID`, `date`, `cw`, `location`, `begin`, `end`, `deleted`) VALUES
(13, 1, '1500905084', '30', 'company', '8.00', '17.00', 0),
(14, 1, '1500991910', '30', 'company', '8.00', '17.00', 0),
(15, 1, '1501073491', '30', 'company', '8.00', '17.00', 0),
(16, 1, '1501167749', '30', 'company', '8.00', '17.00', 0),
(17, 1, '1501255096', '30', 'company', '8.00', '17.00', 0),
(18, 1, '1501487138', '31', 'company', '8.00', '17.00', 0),
(19, 1, '1501587305', '31', 'company', '8.00', '17.00', 0),
(20, 1, '1501683604', '31', 'company', '8.00', '17.00', 0),
(21, 1, '1501764667', '31', 'company', '8.00', '17.30', 0),
(22, 1, '1501853305', '31', 'company', '8.00', '17.30', 0),
(23, 1, '1502117117', '32', 'company', '8.00', '17.00', 0),
(24, 1, '1502200712', '32', 'company', '8.00', '17.00', 0),
(40, 1, '1502289140', '32', 'company', '8.00', '17.00', 0),
(42, 1, '1502376326', '32', 'company', '8.00', '17.00', 0),
(43, 1, '1502452734', '32', 'company', '8.00', '17.30', 0),
(45, 1, '1502712756', '33', 'company', '8.00', '17.00', 0),
(46, 1, '1502799156', '33', 'company', '8.00', '18.00', 0),
(47, 1, '1502885556', '33', 'company', '8.00', '17.00', 0),
(48, 1, '1502971956', '33', 'company', '8.00', '17.00', 0),
(49, 1, '1503051860', '33', 'company', '9.00', '18.30', 0),
(53, 1, '1503327471', '34', 'company', '8.00', '17.00', 0),
(57, 1, '1503413604', '34', 'company', '9.00', '18.00', 0),
(64, 1, '1503501805', '34', 'company', '8.30', '17.30', 0),
(70, 1, '1503585124', '34', 'company', '8.00', '17.00', 0),
(71, 1, '1503671750', '34', 'company', '7.40', '16.40', 0),
(72, 1, '1503929338', '35', 'company', '8.00', '17.00', 0),
(73, 1, '1504015819', '35', 'company', '8.15', '16.15', 0),
(74, 1, '1504102033', '35', 'company', '8.15', '17.45', 0),
(75, 1, '1504190434', '35', 'company', '8.00', '17.00', 0),
(76, 1, '1504287373', '35', 'company', '7.45', '16.45', 0),
(77, 1, '1504536778', '36', 'company', '8.00', '17.00', 0),
(78, 1, '1504594633', '36', 'company', '8.00', '18.30', 0),
(79, 1, '1504708905', '36', 'company', '8.45', '17.45', 0),
(80, 1, '1504792523', '36', 'company', '8.30', '17.30', 0),
(81, 1, '1504862432', '36', 'company', '8.30', '18.00', 0),
(82, 1, '1505142338', '37', 'company', '8.00', '17.00', 0),
(83, 1, '1505221830', '37', 'company', '8.30', '17.30', 0),
(84, 1, '1505317805', '37', 'company', '8.20', '17.50', 0),
(85, 1, '1505397994', '37', 'company', '8.00', '17.00', 0),
(86, 1, '1505485351', '37', 'company', '9.15', '18.15', 0),
(87, 1, '1505754881', '38', 'company', '9.00', '19.30', 0),
(88, 1, '1505817193', '38', 'company', '8.30', '16.00', 0),
(89, 1, '1505917489', '38', 'company', '8.00', '17.00', 0),
(90, 1, '1506003412', '38', 'company', '7.30', '16.30', 0),
(91, 1, '1506094387', '38', 'company', '8.45', '17.45', 0),
(92, 1, '1506344789', '39', 'company', '9.00', '18.00', 0),
(93, 1, '1506431189', '39', 'company', '8.45', '17.45', 0),
(94, 1, '1506517589', '39', 'company', '8.30', '17.30', 0),
(95, 1, '1506603989', '39', 'company', '8.45', '17.45', 0),
(96, 1, '1506682470', '39', 'vacation', '0', '0', 0),
(97, 1, '1506941670', '40', 'vacation', '0', '0', 0),
(98, 1, '1507114470', '40', 'company', '7.30', '16.30', 0),
(99, 1, '1507200870', '40', 'company', '8.00', '17.00', 0),
(100, 1, '1507287270', '40', 'company', '8.00', '17.30', 0),
(101, 1, '1507546470', '41', 'company', '7.30', '16.30', 0),
(106, 1, '1507643775', '41', 'company', '7.30', '16.30', 0),
(107, 1, '1507730727', '41', 'company', '7.15', '16.15', 0),
(108, 1, '1507789629', '41', 'company', '8.00', '13.00', 0),
(109, 1, '1507905294', '41', 'company', '9.00', '17.30', 0),
(110, 1, '1508162565', '42', 'company', '7.30', '16.30', 0),
(111, 1, '1508248975', '42', 'company', '7.30', '16.30', 0),
(112, 1, '1508338879', '42', 'company', '9.00', '18.00', 0),
(117, 1, '1507024521', '40', 'holiday', '0', '0', 0),
(120, 1, '1508420940', '42', 'company', '7.30', '16.30', 0),
(123, 1, '1508512453', '42', 'company', '9.00', '18.00', 0),
(124, 1, '1508767204', '43', 'company', '7.30', '16.30', 0),
(129, 1, '1508859958', '43', 'company', '9.00', '18.00', 0),
(134, 1, '1508943192', '43', 'company', '8.45', '17.45', 0),
(137, 1, '1509408000', '44', 'holiday', '0', '0', 0),
(148, 1, '1509033055', '43', 'company', '7.15', '16.15', 0),
(152, 1, '1509101749', '43', 'company', '8.30', '15.30', 0),
(153, 1, '1509401164', '44', 'school', '9.30', '15.00', 0),
(154, 1, '1509494400', '44', 'school', '9.30', '15.00', 0),
(155, 1, '1509580800', '44', 'school', '10.15', '15.00', 0),
(156, 1, '1509715416', '44', 'school', '8.30', '13.45', 0),
(157, 1, '1509982359', '45', 'company', '7.15', '17.15', 0),
(158, 1, '1510055316', '45', 'school', '7.45', '13.00', 0),
(159, 1, '1510137039', '45', 'school', '9.30', '15.00', 0),
(160, 1, '1510236063', '45', 'school', '8.30', '15.00', 0),
(161, 1, '1510322951', '45', 'school', '11.30', '14.00', 0),
(162, 1, '1510581105', '46', 'school', '9.30', '15.00', 0),
(163, 1, '1510650664', '46', 'school', '7.45', '11.00', 0),
(164, 1, '1510755114', '46', 'school', '9.30', '15.00', 0),
(165, 1, '1510847183', '46', 'school', '10.15', '16.45', 0),
(166, 1, '1510940604', '46', 'school', '8.00', '18.45', 0),
(167, 1, '1511191743', '47', 'company', '7.15', '16.15', 0),
(168, 1, '1511279598', '47', 'company', '8.30', '17.30', 0),
(169, 1, '1511364138', '47', 'company', '9.00', '16.15', 0),
(170, 1, '1514363137', '52', 'vacation', '0', '0', 0),
(171, 1, '1514449537', '52', 'vacation', '0', '0', 0),
(172, 1, '1514535937', '52', 'vacation', '0', '0', 0),
(173, 1, '1515399937', '2', 'vacation', '0', '0', 0),
(174, 1, '1515140737', '1', 'vacation', '0', '0', 0),
(175, 1, '1515054337', '1', 'vacation', '0', '0', 0),
(176, 1, '1514967937', '1', 'vacation', '0', '0', 0),
(177, 1, '1514881537', '1', 'vacation', '0', '0', 0),
(178, 1, '1513326337', '50', 'company', '8.00', '17.00', 0),
(179, 1, '1514795137', '1', 'holiday', '0', '0', 0),
(180, 1, '1511452903', '47', 'company', '8.15', '17.15', 0),
(181, 1, '1511543314', '47', 'company', '9.00', '18.00', 0),
(182, 1, '1511798920', '48', 'company', '8.20', '17.20', 0),
(183, 1, '1511885316', '48', 'company', '8.30', '17.30', 0),
(184, 1, '1511972653', '48', 'company', '8.20', '17.50', 0),
(185, 1, '1512057757', '48', 'company', '8.10', '17.10', 0),
(186, 1, '1512146323', '48', 'company', '9.00', '18.00', 0),
(187, 1, '1512403559', '49', 'company', '8.10', '17.10', 0),
(188, 1, '1512490569', '49', 'company', '9.10', '18.10', 0),
(189, 1, '1512578450', '49', 'company', '9.00', '18.00', 0),
(190, 1, '1512666699', '49', 'company', '9.00', '18.00', 0),
(191, 1, '1514160000', '52', 'holiday', '0', '0', 0),
(192, 1, '1514246400', '52', 'holiday', '0', '0', 0),
(193, 1, '1512752723', '49', 'company', '9.00', '18.00', 0),
(194, 1, '1513096487', '50', 'company', '8.00', '17.30', 0),
(195, 1, '1513010244', '50', 'company', '9.15', '19.15', 0),
(196, 1, '1513173921', '50', 'company', '8.30', '17.30', 0),
(197, 1, '1513256830', '50', 'company', '8.45', '15.15', 0),
(198, 1, '1513622768', '51', 'company', '6.00', '19.00', 0),
(199, 1, '1513723403', '51', 'company', '8.00', '22.00', 0),
(200, 1, '1513786469', '51', 'company', '8.20', '17.20', 0),
(201, 1, '1513877365', '51', 'company', '8.00', '18.30', 0),
(202, 1, '1513977497', '51', 'vacation', '0', '0', 0),
(203, 1, '1515508608', '2', 'company', '7.15', '16.15', 0),
(204, 1, '1515599046', '2', 'company', '8.00', '17.00', 0),
(205, 1, '1515691968', '2', 'company', '9.00', '19.00', 0),
(206, 1, '1515779306', '2', 'company', '9.00', '18.00', 0),
(207, 1, '1516007726', '3', 'school', '9.30', '15.00', 0),
(208, 1, '1516140476', '3', 'school', '7.45', '13.00', 0),
(209, 1, '1516197368', '3', 'school', '9.30', '15.00', 0),
(210, 1, '1516307445', '3', 'school', '10.15', '15.00', 0),
(211, 1, '1516338000', '3', 'school', '8.30', '14.15', 0),
(212, 1, '1516628907', '4', 'school', '9.30', '15.00', 0),
(213, 1, '1516716182', '4', 'school', '9.30', '15.00', 0),
(214, 1, '1516806316', '4', 'school', '9.30', '16.00', 0),
(215, 1, '1516895781', '4', 'school', '10.00', '16.00', 0),
(216, 1, '1516964305', '4', 'school', '8.30', '13.30', 0),
(217, 1, '1517250442', '5', 'school', '9.30', '14.30', 0),
(218, 1, '1517322516', '5', 'school', '7.45', '14.00', 0),
(219, 1, '1517374800', '5', 'school', '9.30', '13.30', 0),
(220, 1, '1517493938', '5', 'school', '8.30', '15.00', 0),
(221, 1, '1517586276', '5', 'company', '7.50', '16.50', 0),
(223, 1, '1517846347', '6', 'company', '8.00', '17.00', 0),
(224, 1, '1517936621', '6', 'company', '9.00', '18.00', 0),
(225, 1, '1518023049', '6', 'company', '9.00', '18.45', 0),
(226, 1, '1518108857', '6', 'company', '9.00', '18.00', 0),
(227, 1, '1518196166', '6', 'company', '9.00', '18.00', 0),
(228, 1, '1518451723', '7', 'company', '8.00', '17.30', 0),
(229, 1, '1518537261', '7', 'company', '8.00', '17.00', 0),
(230, 1, '1518624481', '7', 'company', '8.00', '17.00', 0),
(231, 1, '1518710427', '7', 'company', '8.00', '17.00', 0),
(232, 1, '1518800315', '7', 'company', '8.00', '18.00', 0),
(233, 1, '1519054786', '8', 'company', '7.45', '16.45', 0),
(234, 1, '1519145755', '8', 'company', '8.40', '17.40', 0),
(235, 1, '1519229207', '8', 'company', '8.00', '17.00', 0),
(236, 1, '1519318446', '8', 'company', '9.00', '18.00', 0),
(237, 1, '1519402190', '8', 'company', '8.45', '17.45', 0),
(238, 1, '1520226000', '10', 'ill', '0', '0', 0),
(239, 1, '1520312400', '10', 'ill', '0', '0', 0),
(241, 1, '1520485200', '10', 'vacation', '0', '0', 0),
(242, 1, '1520571600', '10', 'vacation', '0', '0', 0),
(243, 1, '1520398800', '10', 'vacation', '0', '0', 0),
(248, 1, '1519658878', '9', 'company', '7.30', '16.30', 0),
(249, 1, '1519745102', '9', 'company', '7.45', '16.45', 0),
(250, 1, '1519815748', '9', 'ill', '0', '0', 0),
(251, 1, '1519880400', '9', 'ill', '0', '0', 0),
(252, 1, '1519966800', '9', 'ill', '0', '0', 0),
(253, 1, '1520868888', '11', 'company', '7.40', '16.40', 0),
(254, 1, '1520956174', '11', 'company', '7.45', '16.45', 0),
(255, 1, '1521042261', '11', 'company', '7.45', '16.45', 0),
(256, 1, '1521131113', '11', 'company', '8.00', '17.30', 0),
(257, 1, '1521172800', '11', 'company', '7.50', '17.50', 0),
(258, 1, '1521474649', '12', 'company', '8.00', '17.00', 0),
(259, 1, '1521562421', '12', 'company', '8.15', '17.15', 0),
(260, 1, '1521648381', '12', 'company', '8.15', '17.15', 0),
(261, 1, '1521716216', '12', 'company', '8.15', '12.15', 0),
(262, 1, '1521823425', '12', 'company', '9.00', '18.00', 0),
(263, 1, '1522078022', '13', 'company', '8.00', '17.00', 0),
(264, 1, '1522382400', '13', 'holiday', '0', '0', 0),
(265, 1, '1522641600', '14', 'holiday', '0', '0', 0),
(266, 1, '1522163947', '13', 'company', '8.00', '17.00', 0),
(267, 1, '1522249231', '13', 'company', '8.00', '17.00', 0),
(268, 1, '1522335297', '13', 'company', '8.00', '17.00', 0),
(269, 1, '1522760587', '14', 'school', '7.45', '16.45', 0),
(270, 1, '1522813382', '14', 'school', '9.30', '14.30', 0),
(271, 1, '1522933829', '14', 'school', '10.15', '16.00', 0),
(273, 1, '1522987200', '14', 'school', '9.00', '18.00', 0),
(274, 1, '1523278336', '15', 'school', '9.30', '15.00', 0),
(275, 1, '1523393207', '15', 'school', '7.45', '15.45', 0),
(276, 1, '1523436898', '15', 'school', '8.30', '12.15', 0),
(277, 1, '1523532357', '15', 'school', '10.00', '14.00', 0),
(278, 1, '1523592000', '15', 'school', '9.30', '14.00', 0),
(279, 1, '1523883551', '16', 'school', '9.30', '14.45', 0),
(280, 1, '1523974944', '16', 'school', '7.45', '16.45', 0),
(281, 1, '1524024000', '16', 'school', '9.30', '15.00', 0),
(282, 1, '1524147996', '16', 'school', '8.00', '17.00', 0),
(283, 1, '1524196800', '16', 'school', '9.30', '14.00', 0),
(284, 1, '1524456000', '17', 'company', '8.00', '17.00', 0),
(285, 1, '1524542400', '17', 'company', '9.00', '17.30', 0),
(286, 1, '1524668472', '17', 'company', '8.00', '17.00', 0),
(287, 1, '1524757027', '17', 'company', '9.00', '18.00', 0),
(288, 1, '1524841050', '17', 'company', '8.00', '17.00', 0),
(289, 1, '1525147200', '18', 'holiday', '0', '0', 0),
(290, 1, '1525100199', '18', 'company', '8.00', '17.00', 0),
(291, 1, '1525257606', '18', 'company', '8.00', '17.00', 0),
(292, 1, '1525358270', '18', 'company', '7.40', '16.40', 0),
(293, 1, '1525444515', '18', 'company', '7.50', '16.50', 0);

-- --------------------------------------------------------

--
-- Tabellenstruktur für Tabelle `report_actions`
--

CREATE TABLE IF NOT EXISTS `report_actions` (
  `ID` int(11) NOT NULL AUTO_INCREMENT,
  `reportID` int(11) NOT NULL,
  `action` varchar(1000) NOT NULL,
  `time` float NOT NULL,
  PRIMARY KEY (`ID`)
) ENGINE=InnoDB  DEFAULT CHARSET=utf8 AUTO_INCREMENT=937 ;

--
-- Daten für Tabelle `report_actions`
--

INSERT INTO `report_actions` (`ID`, `reportID`, `action`, `time`) VALUES
(13, 13, 'H101 Switch ausgetauscht', 3),
(15, 13, 'Xbox Netzteil ausgetauscht', 2),
(16, 13, 'Mischpult Flex Aufbau am Trainer Laptop', 1),
(17, 13, 'Ausbildungsbericht System ', 2),
(18, 14, 'Besorgung bei Conrad (ext. USB Soundkarte)', 1),
(19, 14, 'Microsoft Kundensupport', 3),
(20, 14, 'Lernen ICND2', 4),
(21, 15, 'Paketlager aufgeräumt', 3),
(22, 15, 'Xbox Kinect Adapter eingebaut / getestet', 1),
(23, 15, 'Prag & Oslo Kursvorbereitung', 2),
(24, 15, 'Festplatte getestet', 1),
(25, 15, 'Lager aufgeräumt', 1),
(26, 16, 'Praktikanten betreuen', 4),
(27, 16, 'Zürich RAM einbauen in 9020', 1),
(28, 16, 'Zürich NIC''s umbauen 7040', 1),
(29, 16, 'Switch 2960 Password Recovery', 1),
(30, 16, 'Router on a Stick Aufbau & Configuration', 1),
(31, 17, 'Raumvorbereitung', 6),
(32, 17, 'Pakete versendet (DHL&GO!)', 1),
(33, 17, 'Praktikanten betreut', 1),
(34, 18, 'Lager neben MDS umräumen', 2),
(35, 18, 'Redhat Koala aufbauen', 1),
(36, 18, 'Technik Lager aufräumen', 1),
(37, 18, 'ICND2 lernen', 4),
(38, 19, 'Lagerschrank abmontiert/nach Madrid getragen', 4),
(39, 19, 'Redhat Koala abbauen', 1),
(40, 19, 'Redhat Koala wieder aufbauen', 1),
(41, 19, 'Lager neben MDS sauber gemacht', 1),
(42, 19, 'Baumarkt Pömpel besorgen', 1),
(43, 20, 'Kursunterlagen entsorgt', 1),
(44, 20, 'Paketlager Müllentsorgung', 1),
(45, 20, 'Kursraumtelefone gelabelt/MAC Adressen', 1),
(46, 20, 'Microsoft Kundensupport', 2),
(47, 20, 'London umgeräumt', 2),
(48, 20, 'Beamerersatzlampen Recherche', 1),
(49, 21, 'Xibo Stream Konfiguration', 1),
(50, 21, 'Kursraum Telefone ausgewechselt', 1),
(51, 21, 'Dell Einbaurahmen zuordnen', 1),
(52, 21, 'Aufräumen / ins Lager bringen', 1),
(53, 21, 'Xbox One Stromzufuhr getestet', 0.5),
(54, 21, 'Redhat Koala Prüfung abbauen', 1),
(55, 21, 'ICND2 Lernen', 1),
(56, 21, 'Pakete gepackt/versendet (FFM&BER)', 1),
(57, 21, 'MDS leer geräumt', 1),
(58, 22, 'Xbox One Test & Einbau', 1),
(59, 22, 'MDS Fegen & Netzteile Sortieren', 1),
(60, 22, 'Türklingel Lautsprecher gelötet', 1),
(61, 22, 'Raumvorbereitung', 5.5),
(62, 23, 'Kameraequipment einräumen', 1),
(63, 23, 'Technik Schrank aufräumen', 3),
(64, 23, 'Raumvorbereitung', 1),
(65, 23, 'Lager aufgeräumt', 1),
(66, 23, 'Defekte Geräte getestet', 1),
(67, 23, 'ICND2 Lernen', 1),
(68, 24, 'Beamer in Prag am Trainer Laptop', 1),
(69, 24, 'WLAN Probleme Rom', 4),
(70, 24, 'ICND2 Lernen', 3),
(91, 40, 'Steckdosenleisten nach Zürich', 0.5),
(92, 40, 'Druckerpatrone gewechselt', 1),
(93, 40, 'ICND2 Lernen', 2),
(94, 40, 'Berichtssystem Programmieren', 4.5),
(108, 42, 'PCs ausschlachten', 1.5),
(109, 42, 'PCs Zusammenbauen', 4),
(110, 42, 'Server Racks entladen', 1.5),
(111, 42, 'Drucker Patrone gewechselt', 0.5),
(112, 42, 'Technik aufgeräumt', 0.5),
(122, 43, 'APC testen & konfigurieren', 2),
(123, 43, 'Technik aufräumen nach Madrid bringen', 0.5),
(124, 43, 'Paket versendet Niederlande', 1),
(125, 43, 'Raumvorbereitung', 5),
(126, 45, 'Sprinter Inhalt ins Lager räumen', 1),
(127, 45, 'Server Racks Sockel anschrauben', 3),
(128, 45, 'Server Racks Blenden anbringen', 1),
(129, 45, 'Router zu den Racks tragen', 2),
(130, 45, 'Kleinigkeiten aus der Technik nach Madrid', 1),
(131, 46, 'TradeIn Ecke nach TC und MDS', 5),
(132, 46, '7040 Inventarisieren (RAM)', 3),
(133, 46, 'Paketversand nach Berlin', 1),
(134, 47, 'DB-60 Kabel gezählt,aufgerollt,sortiert', 1),
(135, 47, 'Festplatten geshreddert', 4),
(136, 47, 'Lager aufgeräumt', 1),
(137, 47, 'Technik aufgeräumt', 1),
(138, 47, 'CCNAX gelernt', 1),
(139, 48, 'DB-60 Kabel gezählt, aufgerollt, sortiert', 4),
(140, 48, 'Festplatten geshreddert', 1),
(141, 48, 'Madrid leer geräumt', 1),
(142, 48, 'Recyclinghof Entsorgungen', 1),
(143, 48, 'Papier ins Buchhaltungslager', 1),
(145, 49, 'Festplatte geshreddert', 1),
(146, 49, '7040 RAM Übersicht aktualisiert', 2),
(147, 49, 'TradeIn Telefone sortiert,verpackt,gelabelt', 1),
(148, 49, 'Raumvorbereitung', 4.5),
(156, 53, 'CCNAX Lernen', 3.5),
(157, 53, 'Server Rack Schienen montiert', 1),
(158, 53, 'Server Rack mit Hardware befüllen', 3.5),
(164, 57, 'CCNAX Lernen', 3),
(165, 57, 'Severraum Lab Verkabeln', 3),
(166, 57, 'Berichtsystem programmiert', 1),
(168, 57, 'WIC Karten aus der Inventur streichen', 1),
(174, 64, 'WIC/VIC Karten aus Inventur Excel austragen', 4),
(175, 64, 'Serverraum Lab Verkabelung', 2),
(176, 64, 'CCNAX Lernen', 1),
(177, 64, 'Berichtssystem Programmieren', 1),
(183, 70, 'WIC/VIW Karten aus Inventur Excel austragen', 2.5),
(184, 70, 'Berichtsheft System Programmiert', 2.5),
(185, 70, 'Starthilfe leisten PKW', 1.5),
(186, 70, 'CCNAX Lernen', 1.5),
(187, 71, 'WIC/VIW Karten aus Inventur Excel austragen', 1),
(188, 71, 'Uni Klinikum Itzehoe Onside Kurs Aufbau', 3),
(189, 71, 'Henstedt-Ulzburg Sprinter abholen', 2),
(190, 71, 'Raumvorbereitung', 1),
(191, 71, 'Drucker Probleme Adobe Acrobat', 1),
(192, 72, 'WIC/VIW Karten aus Inventur Excel austragen', 1.5),
(193, 72, 'Schrauben sortiert', 2),
(194, 72, 'SAS-Kabel sortiert, aufgerollt', 1),
(195, 72, 'Terminal Server Statische Route und IP Adressen konfiguriert', 1.5),
(196, 72, 'TradeIn Telefone ins Lager geräumt', 1),
(197, 72, 'Serverraum Verbindungen überprüfen', 1),
(198, 73, 'Serverraum Kabelverbindungen überprüfen ', 1),
(199, 73, 'Lager ausmisten ', 2.5),
(200, 73, 'Alte Hardware aus der Inventur austragen ', 1.5),
(201, 73, 'Kursvorbereitung Rechner Imagen ', 2),
(202, 74, 'Lager aufräumen', 2.5),
(203, 74, 'Netzteil auseinander gebaut', 1),
(204, 74, 'Kamera Treiber installieren', 1),
(205, 74, 'Router aus der Inventur austragen', 1),
(206, 74, 'UCS Testen', 1),
(207, 74, 'Laptops Imagen win10', 1.5),
(208, 74, 'Technik Schränke tragen', 0.5),
(209, 75, 'Werkzeug einordnen ', 2),
(210, 75, 'Glühbirnen einordnen ', 0.5),
(211, 75, 'Schränke tragen in der Technik', 1),
(212, 75, 'Kursvorbereitung Rechner tragen', 4.5),
(213, 76, 'Uni Klinikum Itzehoe Onside Kurs Hardware abbauen/abholen', 4),
(214, 76, 'FlexKit nach FFM geschickt', 0.5),
(215, 76, 'Raumvorbereitung', 3.5),
(216, 77, 'CCNAX Schulung/IPv4/IP Ranges/Routing/Switching/Netzwerke', 8),
(217, 78, 'CCNAX Schulung / IPv6 / Access-Listen / NAT / DHCP', 8.5),
(218, 79, 'CCNAX Schulung / IPv6 / RIPv2 / Port-Security / Password', 8),
(219, 80, 'CCNAX Schulung / EIGRP / OSPF', 8),
(220, 81, 'CCNAX Schulung/SNMP/QoS/Password Recovery/Licensing', 5),
(221, 81, 'Raumvorbereitung', 3.5),
(222, 82, 'PCs testen und reparieren', 3),
(223, 82, 'Server Labs Verkabelung protokollieren & abbauen', 5),
(224, 83, 'DHL Paketversand (Münster)', 0.5),
(225, 83, 'Labs abbauen & protokollieren', 7.5),
(226, 84, 'Hardware nach Frankfurt einladen', 0.5),
(227, 84, 'Cisco Switche Password Recovery / Factory Defaults', 6),
(228, 84, 'Paketversand Cisco Telefone nach Berlin ', 0.5),
(229, 84, 'Zürich Raumvorbereitung', 0.5),
(230, 84, 'Aufräumen Kleinigkeiten', 0.5),
(231, 85, 'BiLi Gespräch in der Berufsschule', 2),
(232, 85, 'Laptops Imagen & verpacken', 2),
(233, 85, 'Raumvorbereitung', 3),
(234, 85, 'Berichtsheft programmieren', 1),
(235, 86, 'Cisco Switche Password Recover&Factory Default&Ports testen', 7),
(236, 86, 'Raumvorbereitung', 1),
(237, 87, 'Kursvorbereitung Troubleshooting Beamer', 1),
(238, 87, 'Programmieren Berichtsheftsystem', 4),
(239, 87, 'Aufräumen / Lager umsortieren / neu anordnen', 3),
(240, 87, 'Redhat Koala Prüfung abbauen', 0.5),
(241, 88, 'WIC Karten aus der Inventur ausgetragen', 1),
(242, 88, 'Lager beschriftet', 2),
(243, 88, 'Berichtsheft schreiben', 1),
(244, 88, 'Technik Kisten etikettieren', 1),
(245, 88, 'Cisco Switches Reset / Password Recovery', 1.5),
(246, 89, 'Beamer getestet auf Lebensdauer', 2),
(247, 89, 'Lager einsortiert & beschriftet', 1.5),
(248, 89, 'Support Raum aufgeräumt / entrümpelt', 1),
(249, 89, 'Berichtsheft Glossar eingerichtet', 2),
(250, 89, 'Kurs Support Switch Verkabelung & APs', 1.5),
(251, 87, 'UCS RAM austauschen', 1),
(252, 90, 'Kabelleisten angeschraubt', 5),
(253, 90, 'Strom Verlängerungskabel gekauft', 0.5),
(254, 90, 'Support Raum umgeräumt / neu verkabelt', 1.5),
(255, 90, 'Voice Kurs Kiste verpackt ', 1),
(256, 91, 'Kabelleisten angeschraubt', 3),
(257, 91, 'Raumvorbereitung Tabelle erstellt', 1),
(258, 91, 'Staubsaugerhalterungen angebracht', 0.5),
(259, 91, 'Raumvorbereitung', 3.5),
(260, 96, 'Urlaub', 0),
(261, 97, 'Urlaub', 0),
(262, 98, 'CCNA lernen (IPv6, Subnetting, VLAN)', 6),
(263, 98, 'Dell 7040 Rechner abmontieren und verpacken', 1),
(264, 98, 'Abholung der Hardware veranlassen (DGUV) onsite', 1),
(265, 99, 'CCNA lernen (OSPF, EIGRP)', 3),
(266, 99, 'Beamer testen (Lebensdauer, Zubehör)', 1),
(267, 99, 'Raumvorbereitung (Imagen, Software, Rechner Aufbau)', 4),
(268, 100, 'Uni Klinikum Itzehoe Onsite Aufbau', 4),
(269, 100, 'Broschüren Lieferung reintragen', 0.5),
(270, 100, 'Raumvorbereitung', 4),
(271, 101, 'Paris aufräumen (Ordnung schaffen)', 1),
(272, 101, 'Oslo, Prag, Athen Räume checken', 1),
(273, 101, 'Telefon Support (Beamer)', 0.5),
(274, 101, 'Rechner Imagen, verpacken, versenden BER', 2.5),
(275, 101, 'Hardware aus dem Lager holen, verpacken', 2),
(276, 101, 'getestete Beamer eine Liste erstellen', 1),
(277, 92, 'Raumvorbereitung & Räume überprüfen', 1),
(278, 92, 'WLAN Troubleshooting', 0.5),
(279, 92, 'CCNA lernen (Routing & Switching Basics)', 4),
(280, 92, 'Cisco 2960 Switches ausbauen,verpacken,versenden', 2.5),
(281, 93, 'Cisco 2960 Switches ausbauen, verpacken, versenden', 2.5),
(282, 93, 'CCNA lernen (Subnetting, OSI/TCP-IP Modelle)', 5.5),
(283, 94, 'Wolfsburg VW Hardware Abholung veranlassen', 0.5),
(284, 94, 'CCNA lernen (OSPF, Spanning-Tree, BGP)', 5.5),
(285, 94, 'Raumvorbereitung (Rechner Aufbau & Imagen)', 2),
(286, 95, 'Raumvorbereitung (Rechner Aufbau & Imagen)', 4),
(287, 95, 'Leergut rausgestellt', 0.5),
(288, 95, 'Berichtsheft gepflegt', 1),
(289, 95, 'CCNA lernen (IPv6, Subnetting, VLAN)', 2.5),
(290, 106, 'Hardware ausbauen, verpacken, versenden FFM&Itzehoe', 4),
(291, 106, 'Zeitungsartikel Scannen', 0.5),
(292, 106, 'Laptops anschließen & Imagen', 1),
(293, 106, 'Berichtsheft gepflegt', 1),
(294, 106, 'ICND2 lernen (VLAN, ARP)', 1.5),
(295, 107, 'Laptops Imagen & Software aufspielen & verpacken', 1.5),
(296, 107, 'Cisco Switch C3750 PoE Ports testen, Factory Default', 1),
(297, 107, 'Hardware verpacken, versenden (MUC)', 2),
(298, 107, 'ICND2 lernen (ACL, OSPF)', 2.5),
(299, 107, 'Berichtsheft gepflegt', 1),
(300, 108, 'Uni Klinikum Itzehoe Onsite Abbau', 3),
(301, 108, 'PDF bearbeiten(VMWare Airwatch Lab)&konvertieren zu Word', 1),
(302, 108, 'ICND2 lernen (Subnetting)', 1),
(303, 109, 'Raumvorbereitung', 5),
(304, 109, 'ICND2 lernen (QoS, Port Security)', 1.5),
(305, 109, 'PDF bearbeiten (Dokumentation angefertigt)', 1),
(306, 110, 'ICND2 lernen (Switching, Routing, Subnetting, Networks)', 7.5),
(307, 110, 'Telefonsupport (FlexKit Aufbau, WebEx)', 0.5),
(308, 111, 'RJ45 Stecker an Kabel crimpen', 1),
(309, 111, 'Verstopfte Toilette frei machen', 1),
(310, 111, 'ICND2 lernen (STP, VTY, VLAN)', 6),
(311, 112, 'Pakete verpackt C2960-8 PoE (Afrika)', 0.5),
(312, 112, 'Lager aufgeräumt (Kabel aufgewickelt)', 1),
(313, 112, 'ICND2 lernen (VLAN, Switching, Subnetting)', 6.5),
(318, 117, 'Tag der deutschen Einheit', 0),
(322, 120, 'Programmieren (PHP, HTML, CSS, SQL)', 6),
(323, 120, 'Berichtsheft gepflegt', 1),
(324, 120, 'Hausnetz Switch ausgetauscht, verkabelt, getestet', 1),
(330, 123, 'Programmieren (PHP, HTML, CSS, SQL)', 4),
(331, 123, 'Aktenschredder repariert', 0.5),
(332, 123, 'Raumvorbereitung', 3.5),
(333, 124, 'Java programmiert. (Mit Peter)', 3),
(334, 124, 'IT-Ordnungsdienst Dokument aufgesetzt', 1),
(335, 124, 'IT-Ordnungsdienst durchgeführt', 2),
(336, 124, 'Switch 2960-8 PoE zurückgesetzt', 0.5),
(337, 124, 'Computer reparieren, Troubleshooten', 1.5),
(343, 129, 'Dell Optiplex 990 repariert', 1),
(344, 129, 'Lager aufgeräumt Kisten einsortiert', 0.5),
(345, 129, 'Telefon Support', 1),
(346, 129, 'Programmieren (HTML, CSS, Javascript, PHP, SQL)', 5.5),
(351, 134, 'Voice Mobile Case Inhalt geprüft & verpackt', 3),
(352, 134, 'Cisco Meraki Lab aufgebaut', 3),
(353, 134, 'Berichtsheft gepflegt', 1),
(354, 134, 'ICND2 lernen (Subnetting)', 1),
(358, 137, 'Reformationstag', 0),
(372, 148, 'IT-Ordnungsdienst Checkliste angefertigt', 2),
(373, 148, 'Lager aufgeräumt', 2),
(374, 148, 'Serverräume aufgeräumt', 1),
(375, 148, 'Drucker Bezeichnungen erfasst, Tonerstatus, Papier nachgefüllt', 0.5),
(376, 148, 'Meeting mit Arne und Boris bzgl. Ordnungsdienst', 1),
(377, 148, 'Redhat Koala Prüfungs Laptop ordentlich gemacht', 1),
(378, 148, 'Programmieren (PHP, CSS, HTML, SQL)', 0.5),
(384, 152, 'Raumvorbereitung (Rechner Imagen, Software aufspielen, Raum herrichten)', 4.5),
(385, 152, 'Cisco Switch 2690 auf Factory Default zurückgesetzt, Ports getestet.', 0.5),
(386, 152, 'Programmieren (PHP, CSS, HTML, SQL)', 0.5),
(387, 152, 'DVI Kabel Kontakte repariert', 0.5),
(388, 153, 'Moodle Registrierung', 1.5),
(389, 153, 'Schulvorstellung & Rundgang', 1),
(390, 153, 'Organisatorisches', 1),
(391, 153, 'Kennenlernen', 1.5),
(392, 154, 'Orientierungswoche Skil', 1),
(393, 154, 'Moodle Einführung', 2.5),
(394, 154, 'Mahara einrichten', 2),
(395, 155, 'Organisatorisches Klassenliste, Schülerausweis, Parkausweis', 2),
(396, 155, 'Skil Grafiz erstellen', 1),
(397, 155, 'Leitbild erfassen und vortragen nach eigenen Schwerpunkten', 1.75),
(398, 156, 'IT-WS Zahlensysteme Binär Dual Oktal Hex umrechnen', 3.25),
(399, 156, 'GuS Teambuilding Vertrauensaufgaben', 2),
(400, 157, 'IT-Ordnungsdienst Checkliste überarbeitet', 0.5),
(401, 157, 'Raumvorbereitung (Dublin imagen)', 1),
(402, 157, 'Secion Trainer in die Technik einweisen', 1),
(403, 157, 'Cisco 1900 Series Router testen, Factory Default', 0.5),
(404, 157, 'Termin für ICND2 schedulen. (15.12.17?)', 0.5),
(405, 157, 'Meraki Lab verkabeln', 1.5),
(406, 157, 'Berufsschul-Hausaufgaben Zahlensysteme umrechnen', 1.5),
(407, 157, 'Sprinter Reparaturen', 1),
(408, 157, 'Berufsschule Organisation', 0.5),
(409, 158, 'AE-M SQL relationale Datenbanken, ERM', 4),
(410, 158, 'Lerncoaches stellen sich vor', 1.25),
(411, 159, 'IT-M Modulvorstellung', 1),
(412, 159, 'IT-M Thema Peripherie aufbereitet in der Gruppe, Webseite erstellt', 4.5),
(413, 160, 'IT-M Webseite Peripherie mit Inhalt füllen, Design', 1.5),
(414, 160, 'OuG Organisatorisches klären, Arbeitsauftrag geklärt.', 1.5),
(415, 160, 'OuG Nutzwertanalyse, Rechenwesen, Einkauf / Verkauf Rechnungen', 3.5),
(416, 161, 'GuS Organisatorisches S.M.A.R.T Ziele + Mahara', 1),
(417, 161, 'GuS Aufwärmspiel, Badminton', 1.5),
(418, 162, 'IT-WS Umrechnung Zahlensysteme, Präfixe und Einheiten', 3.5),
(419, 162, 'FE-M IT Sentence eigene Meinung vorstellen', 2),
(420, 163, 'OuG Nutzwertanalyse Baumarkt Projekt', 2.25),
(421, 163, 'OuG Angebotstext Baumarkt Projekt', 1),
(422, 164, 'IT-M Peripherie Geräte Lernstation vorbereiten (Multiple Choice Test erstellen & Webseite)', 1.5),
(423, 164, 'IT-M Lernstationen bearbeiten (Speicher, CPU, GPU, Mainboard, Netzteil)', 4),
(424, 165, 'OuG Präsentation und Besprechung Handelskalkulation und Nutzwerkanalyse', 1),
(425, 165, 'AE-M ERM Modell erstellt, PDF Dokumentation, Lehrer Inputs über Fremd&Primärschlüssel', 4),
(426, 165, 'SuK Bodylanguage und Betonung. Wie sich die Bedeutung subjektiv ändern kann', 1.5),
(427, 166, 'WuG Frühstücke, Klassensprecherwahl, Feedback Runde', 4),
(428, 166, 'Google Zukunftswerkstatt (Google Werbung) Marketing, Analytics', 2),
(429, 166, 'Firma einberufen: Raumvorbereitung, Hardware tragen, imagen, Software installieren, Treiber', 4.75),
(430, 167, 'Raumvorbereitung Räume prüfen, Rechner Softwarescript', 1.5),
(431, 167, 'Serverraum APC überprüfen und konfigurieren', 1),
(432, 167, 'Technik aufgeräumt', 0.5),
(433, 167, 'Google Zukunftswerkstatt E-Marketing, E-Commerce, Searchengines', 5),
(434, 168, 'Google Zukunftswerkstatt. Online-Shops, Marketing, Displaywerbung, Zertifikat bestanden', 3),
(435, 168, 'PC repariert, Troubleshooten, RAM defekt.', 1),
(436, 168, 'ICND2 gelernt, QoS, Radius, Tacas+,, 802.1x', 2.5),
(437, 168, 'Anwendungsentwickler Tisch raustragen, auseinanderbauen, einlagern', 0.5),
(438, 168, 'Powershell Basics angeeignet, cmd.exe befehle Handhabung', 1),
(439, 169, 'Debian und Apache2 Konfiguration', 2.5),
(440, 169, 'Ubuntu Server Installation', 1),
(441, 169, 'Cisco Packet Tracer Topology aufgebaut', 1.25),
(442, 169, 'ICND2 gelernt OSPF', 1),
(443, 169, 'Web Server einrichten', 0.5),
(444, 170, 'Betriebsferien', 0),
(445, 171, 'Betriebsferien', 0),
(446, 172, 'Betriebsferien', 0),
(447, 173, 'Urlaub', 0),
(448, 174, 'Urlaub', 0),
(449, 175, 'Urlaub', 0),
(450, 176, 'Urlaub', 0),
(451, 177, 'Urlaub', 0),
(452, 178, 'ICND2 Prüfung geschrieben', 4.5),
(453, 178, 'Raumvorbereitung. Rechner Imagen, Software aufspielen, Treiber installieren', 3),
(454, 179, 'Silvester', 0),
(455, 180, 'Raumvorbereitung Dublin, Madrid Rechner Imagen', 1),
(456, 180, 'C# Sascha geholfen', 0.5),
(457, 180, 'Webdesign erstellt CSS, HTML', 2),
(458, 180, 'Webseiten optimiert PHP, HTML, Javascript, CSS', 2),
(459, 180, 'Webserver aufgesetzt und eingerichtet Apache2, Ubuntu Server', 2.5),
(460, 181, 'Rechner Umbau RAM, SSD', 1),
(461, 181, 'Raumvorbereitung Rechner aufbauen, Imagen, Software installieren ', 4),
(462, 181, 'Webseite Design, Programmierung ', 3),
(463, 182, 'Rechner Imagen für Onsite, Software, Treiber, Win10', 1),
(464, 182, 'IT-Ordnungsdienst, Drucker, Räume checken etc.', 1),
(465, 182, 'Kryptologie lernen AES-256, SecureText Webseite entwickelt. ', 5),
(466, 182, 'Rechner umbauen, testen', 0.5),
(467, 182, 'IT-Büro aufgeräumt, Bladeserver Modul nach TradeIn', 0.5),
(468, 183, 'IT-Ordnungsdienst. Aufräumen, Drucker prüfen, Drucker Wartungskit Marktanalyse, Tonertausch', 2),
(469, 183, 'SSD Festplatten aus Rechnern ausgebaut London', 0.5),
(470, 183, 'London Verkabelung umbauen, wiederherstellen', 1),
(471, 183, 'Türklingel Defekt untersucht', 0.5),
(472, 183, 'Hausnetz Infrastruktur angeguckt', 0.5),
(473, 183, 'Produktives Konzept ermittelt zur automatischen Katalogisierung unserer Hardware. (Leases, DHCP, VLAN, MAC)', 1),
(474, 183, 'PHP Script mit SQL Abfragen erstellt für automatische katalogisierung unserer Hardware. (SQL, PHP, SQL-JOINS)', 2.5),
(475, 184, 'SQL gelernt, JOINS, Subquerys, HAVING, GROUP BY', 3.5),
(476, 184, 'Paketversand nach Wien, Versandkosten geklärt, verpackt, verschickt', 3),
(477, 184, 'FlexKit Kiste Schaumstoff geklebt', 1),
(478, 184, 'Drucker repariert (HP Laserjet 4250), Drucker Wartungskit recherchiert', 1),
(479, 185, 'FlexKit-4 verpackt, getestet, beschriftet, verschickt (nach FFM) GO!', 4),
(480, 185, 'Dell Docking Station verschickt, DHL', 0.5),
(481, 185, 'NAT Router verschickt, GO! an Carsten Stalfort', 0.5),
(482, 185, 'Ubuntu Server Installation, Konfiguration, Domain Registrierung, DNS Records anpassen', 2.5),
(483, 185, 'Drucker repariert (HP Laserjet 4250) Papierstau', 0.5),
(484, 186, 'Monitoring Programm entwickelt und angefangen zu Schreiben (SQL, PHP, PowerShell)', 3),
(485, 186, 'IT-Clearupservice. Drucker Kontrolle, Raumkontrolle', 0.5),
(486, 186, 'Raumvorbereitung, Treiber Installation, Rechner Imagen', 3),
(487, 186, 'Imageserver und CLI angeguckt. Arbeitsweise bekannt gemacht', 1),
(488, 186, 'Headset ausgetauscht', 0.5),
(489, 187, 'Prag ausgeräumt, ins Lager geräumt (No PC)', 2.5),
(490, 187, 'Beamer aufgebaut, eingestellt (Rom)', 0.5),
(491, 187, 'Monitoring System auf dem Imageserver eingerichtet, getestet, Bugfixes (PHP, SQL, Perl, JavaScript, HTML, CSS, Crontabs)', 5),
(492, 188, 'Joblisten der Image Dateien erklärt bekommen. Script geschrieben zum Joblist erstellen', 1.5),
(493, 188, 'Inhouse/Telefon Support (WebEx, Kursvorbereitet, Software Installiert)', 1),
(494, 188, 'Ubuntu Server konfiguriert (Apache2, mcrypt, phpmyadmin, Virtual Hosts, DNS Domain Records angepasst)', 4),
(495, 188, 'Gedanken gemacht über Verbesserungsmöglichkeiten (Automatisierte Abläufe)', 1),
(496, 189, 'London aufgebaut, geimaged, Oracle, Tiger VNC', 1.5),
(497, 189, 'Webserver Virtualbox installiert, KVM durchgelesen', 2),
(498, 189, 'Berichtsheft System Programmiert. Statistiken eingefügt', 3),
(499, 189, 'Gerüst ins Edeka Lager getragen', 0.5),
(500, 189, 'Lager aufgeräumt', 1),
(501, 188, 'Berichtshefte August bis November abgegeben zur Kontrolle', 0.5),
(503, 190, 'Berichtsheft Statistiken implementiert (SQL Querys, PHP)', 3.5),
(504, 190, 'London Beamer splitten', 0.5),
(505, 190, 'Image Server Hamburg und Berlin Monitoring Tool in Berlin eingeführt', 3.5),
(506, 190, 'Stühle aus Prag nach hinten schieben', 0.5),
(507, 191, '1. Weihnachtsfeiertag', 0),
(508, 192, '2. Weihnachtsfeiertag', 0),
(509, 193, 'Raumvorbereitung, Rechner Imagen, Software aufspielen, RAM austauschen', 4),
(510, 193, 'Monitoring Tool Bugfixes und Layout überarbeitet (SQL, PHP)', 3),
(511, 193, 'Infrastruktur von Standort Berlin angeguckt', 0.5),
(512, 193, 'Wartungsfenster für Druckerwartung angekündigt und vorbereitet', 0.5),
(513, 194, 'ICND2 Lernen Prüfungssimulationen', 6),
(514, 194, 'Prag Imagen, Software aufspielen, Treiber installiert', 1),
(515, 194, 'Küchendienst', 0.5),
(516, 194, 'Laptops für WIDESIGN Treiber installieren', 1),
(517, 195, 'ICND2 Fragen lernen', 5),
(518, 195, 'Prag mit Monitoren ausgestattet, verkabelt', 2),
(519, 195, 'Drucker Wartungskit eingebaut, Resettet, Konfiguriert (HP Laserjet 600 M602)', 2),
(520, 196, 'Küchendienst', 0.5),
(521, 196, 'Madrid Lampe austauschen, Deckenfluter', 0.5),
(522, 196, 'Datenbank Backups gemacht, Berichtsheft', 0.5),
(523, 196, 'ICND2 Prüfungssimulationen', 1.5),
(524, 196, 'ICND2 Fragen lernen', 1.5),
(525, 196, 'Berufsschule Vortrag über Datenschutz', 3.5),
(526, 197, 'Leergut rausgetragen', 0.5),
(527, 197, 'ICND2 Prüfungssimulation, Fragen lernen', 4.5),
(528, 197, 'Küchendienst', 0.5),
(529, 198, 'Berlin Anreise ', 4),
(530, 198, 'Berliner Labs abbauen ', 6),
(531, 198, 'Server Schränke abbauen / wegtragen ', 2),
(532, 178, 'UCS Bladeserver nach FFM geschickt', 0.5),
(533, 199, 'Berlin Transporter abholen ', 2.5),
(534, 199, 'Berlin Serverraum Abbau ', 2),
(535, 199, 'Transporter beladen mit 4 Server Racks, Router,  Switche, Terminal Server, Server', 2),
(536, 199, 'Transporter von Berlin nach Hamburg gefahren ', 4.5),
(537, 199, 'Transporter entladen in Hamburg ', 1.5),
(538, 199, 'Transporter Tanken und bei Sixt abgeben ', 0.5),
(539, 200, 'Office Pakete reingetragen', 0.5),
(540, 200, 'Dell 5050 Lieferung reingetragen', 0.5),
(541, 200, 'Dell 5050 PC''s ausgepackt, Zubehör ins Lager geräumt', 1),
(542, 200, 'IT-Clearupservice, Drucker checken, RedHat Prüfung vorbereitet', 1),
(543, 200, 'owncloud Installation auf Ubuntu Server, Apache konfiguration, PHP updaten auf 5.6', 2.5),
(544, 200, 'Reisekostenabrechnung für Berlin angefertigt', 0.5),
(545, 200, 'Nutzwertanalyse über Webspace angefertigt', 2),
(546, 201, 'Dell 5050 und 7040-M RAM tauschen', 2),
(547, 201, 'SSL Zertifikate und SSH Verbindungen gelernt', 2),
(548, 201, 'Apache2 Konfigurationen', 1),
(549, 201, 'Hardware aus Berlin ins MDS eingeschraubt', 3),
(550, 201, 'Serverschränke Sockel angeschraubt', 1.5),
(551, 202, 'Überstundenabbau', 0),
(552, 203, 'Ubuntu Server GUI einrichten', 0.5),
(553, 203, 'Office PC Bluescreen fixen', 1),
(554, 203, 'Cloud konfigurieren (PHP, Apache)', 3),
(555, 203, 'Email Client Konfiguration (Rainloop)', 1.5),
(556, 203, 'IT-Clearup Service (RedHat Koala aufbauen, Druckerpapier nachfüllen)', 1),
(557, 203, 'Dashboard programmiert und designed (HTML, CSS, JS)', 1),
(558, 204, 'Drucker Wartung angeregt, geplant, Teile besorgt', 1),
(559, 204, 'RAM nach Stuttgart geschickt (GO!)', 0.5),
(560, 204, 'NetApp Angebot und Geräte angeschaut für einen NetApp Vortrag', 2),
(561, 204, 'Dashboard programmiert (HTML, CSS, JS)', 0.5),
(562, 204, 'LibreofficeOnline Requirements und installation recherchiert', 1),
(563, 204, 'FlexKit Kisten verklebt und Schaumstoff ausgeschnitten', 3),
(564, 205, 'Cloud eingerichtet und abgesichert (SSH, SSL)', 1),
(565, 205, 'Cloud Optimierung (PHP config, PHP Memcaching, Redis-server)', 1),
(566, 205, 'FlexKit Kisten verpackt, mit Hardware bestückt', 3),
(567, 205, 'Laptopkisten, Schaumstoff ausschneiden, verkleben', 2),
(568, 205, 'Druckerwartung vorbereitet (Anleitung besorgt, Teile zusammengesammelt)', 0.5),
(569, 205, 'Druckerwartung durchgeführt (hp Laserjet 4250dtn), Druckergebnis überprüft', 1.5),
(570, 206, 'Laptop Kisten zusammengebaut', 0.5),
(571, 206, 'London, Wien, Paris aufgeräumt und hergerichtet', 1),
(572, 206, 'Paketlager entrümpelt', 1.5),
(573, 206, 'Tische in Prag aufgebaut', 0.5),
(574, 206, 'Glühlampen am Empfang ausgetauscht', 0.5),
(575, 206, 'H211 Lab an Strom angeschlossen', 0.5),
(576, 206, 'Raumvorbereitung, Rechner imagen, Rechner aufbauen', 1),
(577, 206, 'Smartphone nach Düsseldorf geschickt (DHL)', 0.5),
(578, 206, 'Ubuntu Server eingerichtet mit Email und Cloud', 2),
(579, 207, 'IT-WS: Codierung (BCD, ASCII, Binär, Dual, Dezimal, Paritätsbit)', 4.5),
(580, 207, 'FE-WS: Klausurthemen, Jobbeschreibungen, Firmenvokabular', 1),
(581, 208, 'AE-M: Organisatorisches, Klausuren (AE-M, OuG), Baumarkt Datenbank, 1,2,3 Normalform von Datenbanken', 3.25),
(582, 208, 'SuK: Klausurthemen SuK, Gesprächsrahmen, Sender & Receiver, Active Listening', 2),
(583, 209, 'IT-M: Klausurthemen, Einstieg Elektrotechnik, Sicherheits Regeln', 1.5),
(584, 209, 'IT-M: Grundlagen auffrischen, Spannung, Strom, Stärke, Ladung, Widerstand', 4),
(585, 210, 'Chicago Reise Infofmationstreffen', 0.75),
(586, 210, 'AE-M: Aggregatfunktionen, Datenbank Design, JOINS', 2),
(587, 210, 'AE-M: CREATE, ALTER, INSERT, DELETE, UPDATE, GROUP BY, ORDER BY,  HAVING, WHERE, JOINS ', 2),
(588, 211, 'WuG: Ausbildungsgesetze, Auszubildenden Rechte', 2),
(589, 211, 'SuG: Fit sein erhöht das Gehalt. SMART Ziele angesprochen', 1),
(590, 211, 'SuG: Wandball, Badminton', 2.75),
(591, 212, 'Projekt_01: Ablaufbesprechung', 1.5),
(592, 212, 'Projekt_01: Kundengespräch vorbereitet', 1.5),
(593, 212, 'Projekt_01: Kundengespräch durchgeführt, in verschiedenen Rollen', 1.5),
(594, 212, 'Projekt_01: Datenbank Design überarbeitet', 1),
(595, 213, 'Projekt_01: Projektplanungsboards besprochen', 1),
(596, 213, 'Projekt_01: Datenbank erstellt', 2.5),
(597, 213, 'Projekt_01: Datenbank optimiert und eingerichtet', 1.5),
(598, 213, 'Projekt_01: Datenbank mit Inhalt Beispielinhalt füllen', 0.5),
(599, 214, 'Projekt_01: Datenbank Createscript überarbeitet', 1),
(600, 214, 'Projekt_01: Datenbank Insertscript erstellt und kontrolliert', 1),
(601, 214, 'Projekt_01: Datenbank Abfragenscript erstellt und kontrolliert', 4.5),
(602, 215, 'Projekt_01: Datenbank Querys geschrieben ', 0.5),
(603, 215, 'Projekt_01: Datenbank ausgedruckt und zur Schau gestellt ', 1),
(604, 215, 'Projekt_01: Fremde Datenbanken analysiert ', 1),
(605, 215, 'Projekt_01: Projektwochen Aufgabe abgegeben ', 0.5),
(606, 215, 'Projekt_01: 5 Minuten Pitch Präsentation vorbereitet ', 1.5),
(607, 215, 'Projekt_01: Anderen Gruppen geholfen ', 1.5),
(608, 216, 'Projekt_01: 5 Minuten Pitch Präsentation vorbereitet ', 1),
(609, 216, 'Projekt_01: Pitch Präsentationen angehört und selbst gehalten ', 2),
(610, 216, 'Projekt_01: Raum aufräumen ', 0.5),
(611, 216, 'Projekt_01: Andere Klasse Ergebnisse angeguckt ', 1),
(612, 216, 'Projekt_01: Feedback und Abschlussbesprechung', 0.5),
(613, 217, 'IT-M: Klausur Vorbereitung Zahlensysteme, Codierung, Binär-/Dezimalpräfixe', 2),
(614, 217, 'IT-M: Klausur geschrieben (Note: 1)', 1.5),
(615, 217, 'Projekt_01: Pitch Präsentationen Feedback (Note: 1+)', 0.5),
(616, 217, 'FE-M: Englisch Klausurvorbereitung, Job&Company description ', 1),
(617, 218, 'OuG: Geschäftmodelle und verschiedene Geschäftshierarchien ', 2),
(618, 218, 'OuG: Stelle, Stab, Instanz, Projektorganisation Begriffe geklärt ', 0.75),
(619, 218, 'OuG: Gruppenaufgabe Geschäftshierarchie entwerfen ', 2.5),
(620, 218, 'FE-WS: Klausur geschrieben. Describe your Job and Company ', 1),
(621, 219, 'IT-M: Netzteil Stromkosten berechnet, Netzteil Arbeit, Leistung und Wirkungsgrad', 3),
(622, 219, 'SuK: Klausurthemen besprochen, Active Listening, Gesprächsrahmen, Four Sides Communication Model', 0.5),
(623, 219, 'Berichtsheftsystem, Schulnotenübersicht implementiert', 0.5),
(624, 220, 'SuK: Klausur geschrieben, Gesprächsrahmen, Active Listening, Four sides of communication model', 1.5),
(625, 220, 'OuG-M: Ereignis gesteuerte Prozesse, Modelle Projektplanung erstellt, Gesamt und freier Puffer ', 4),
(626, 220, 'Projekt_01: Datenbank vorgestellt (Note: 1)', 0.5),
(627, 220, 'GuS: Mahara SMART Ziel eingerichtet ', 0.5),
(628, 221, 'Lager, Getränkelager, IT-Räume, MDS aufgeräumt', 1.5),
(629, 221, 'Schränke aufgebaut, in die IT gestellt', 1.5),
(630, 221, 'Tarox aus dem Lager ins MDS verschoben', 1.5),
(631, 221, 'IT-Kursvorbereitung, Zürich ausgeräumt', 1),
(632, 221, 'Apache Server troubleshoot, Alias Problem gelöst', 0.5),
(633, 221, 'Webseite Programmiert, CSS, JS, PHP', 2),
(635, 223, 'Vorbereitung Resets, SuperPutty, vSphere, RemoteLabsClient1&3', 5.5),
(636, 223, 'NetApp Vortrag gehalten, Cluster, ONTAP, Storage', 0.5),
(637, 223, 'Reset ICND1 Pod1', 2),
(638, 224, 'Vortrag über unsere Firmen Infrastruktur angehört', 0.5),
(639, 224, 'VM''s revertet und restartet', 2),
(640, 224, 'UCS und Fabric Interconnects eingerichtet', 1.5),
(641, 224, 'Wireless Lab resettet, configs neu aufgespielt', 2.5),
(642, 224, 'Cisco Labs Geräte zurückgesetzt', 1),
(643, 225, 'Reset Schulung, Wireless Reset, MDS Reset, UCS Reset, VM''s reverten neustarten', 7),
(644, 225, 'HDMI Splitter in Dublin austauschen', 0.75),
(645, 225, 'Cisco Security Vortrag angehört', 0.5),
(646, 225, 'MDS Vortrag, NAS, SAN, Fiber Channel', 0.5),
(647, 226, 'Reset Schulung, Wireless Resets, WIFUND, WIDEPLOY, Versastack, Nexus, MDS, Licensing', 6),
(648, 226, 'CAPWAP, IOS, Access Points, Wireless Controller', 2),
(649, 227, 'Reset und Support Schulung, Voice, Nexus und Collaboration Resets', 6.25),
(650, 227, 'Redhat Prüfung Monitor Problem behoben', 0.5),
(651, 227, 'Redhat Prüfung defektes Cisco Telefon ausgetauscht', 0.25),
(652, 227, 'Im Serverraum UCS neugestartet', 0.5),
(653, 227, 'Cisco Collaboration Vortrag angehört', 0.25),
(654, 227, 'Cisco WebEx Vortrag angehört', 0.25),
(655, 224, '121Watt Monitore angeschlossen / Verkabelt', 0.5),
(656, 228, 'Dublin Verkabelung ordentlich gemacht', 0.25),
(657, 228, 'Support-Schulung Support bearbeitet. Lab gebucht, Access Daten verschickt, Netapp Reset gemacht', 6.75),
(658, 228, 'Support Programme eingerichtet und Telefon Weiterleitung', 1),
(659, 228, 'Absprache mit Boris bzgl. EMAN Layout ', 0.5),
(660, 229, 'Resets, wireless Resets APs WLCs Switch, Netapp Filer reset', 7.5),
(661, 229, 'Klebereste auf einem Tisch entfernt', 0.5),
(662, 230, 'Support. Kurs in Russland ASA Troubleshoot, NetApp Licensing, Android VM''s Vysor', 6),
(663, 230, 'H184 Lab UCS RAM getauscht', 0.5),
(664, 230, 'UCS resettet, VM''s reverted, Configs einspielen', 1.5),
(665, 231, 'Voice Resets VPN Tunnel einrichten', 4.5),
(666, 231, 'Support Troubleshoot Nexus N5K & N7K', 2),
(667, 231, 'UCS Filer Reset ', 1.5),
(668, 232, 'Support Schulung Access-Daten für Labs an den Kunden geschickt', 2),
(669, 232, 'Troubleshooten UCS labs. Configs und Policies / SAN Einstellungen checken', 2.5),
(670, 232, 'Raumvorbereitung. Rechner tauschen, verkabeln, imagen', 2.5),
(671, 232, 'Support-Schulung Feedback bekommen bzgl. Resets und Support', 0.5),
(672, 232, 'Support Troubleshooten Cisco Jabber Client Configuration ', 1.5),
(673, 233, 'Raumvorbereitung, FlexKit aufgebaut und eingerichtet', 1.5),
(674, 233, 'Beamer ausgetauscht, schwache Leuchtkraft, Rom', 2),
(675, 233, 'Drucker Nutzwertanalyse gemacht. hp LaserJet M607dn Recherche und Toner', 0.5),
(676, 233, 'EMAN, Layout erstellen mit CSS, HTML, JS, Event Panel Ansicht', 4),
(677, 234, 'Paketversand nach München Flexequipment', 1),
(678, 234, 'Türriegel einfetten', 0.25),
(679, 234, 'Glossar erstellen mit wichtigen Begriffen', 2.25),
(680, 234, 'EMAN Layout entwerfen für die Event Panel Ansicht (HTML, CSS, JS)', 3.5),
(681, 234, 'Inhouse Support wegen Browser Problemen (Chrome)', 0.5),
(682, 235, 'EMAN Problem mit Chrome gefixt. Javascript Bug', 1),
(683, 235, 'Dell Beamer auspacken und anmontieren London', 0.5),
(684, 235, 'IT-Clearupservice, Technik aufgeräumt, Drucker kontrolliert, Müll entsorgt', 1.5),
(685, 235, 'Reset Management System implementiert und mit Daten befüllt', 1.5),
(686, 235, 'Glossar Einträge erstellt zu diversen Themen für das Berichtsheft', 2.5),
(687, 235, 'Einweisung gegeben in unseren Terminal Server für PDF Bearbeitungen', 0.5),
(688, 235, 'Rechnungsbeträge von GO! Versandrechnung in Excel eintragen', 0.5),
(691, 234, 'Cisco Router auf Factory Default zurücksetzen', 0.5),
(692, 236, 'PC Lüfter abschrauben und entstauben', 0.5),
(693, 236, 'Telefonsupport Inhouse WLAN Problem am Laptop', 0.25),
(694, 236, 'Glossar Einträge in eigenes Glossar System eingefügt', 1),
(695, 236, 'Glossar System überarbeitet und optimiert, PHP, SQL', 1),
(696, 236, 'Cisco Pakettracer Übungssimulation Basic Switching, Switch Konfiguriert mit Passwort und IPs', 1),
(697, 236, 'Excel Tabelle entworfen und Formeln geschrieben, Währungen umrechnen, Brutto Netto umrechnen, Projektorganisation und Artikelliste', 4.25),
(698, 237, 'Raumvorbereitung, Stühle sortieren nach Größe, Rechner Imagen, Virtual Switches neu erstellen', 3.5),
(699, 237, 'Excel Tabelle fur Projektausgaben erstellt, Formeln angefertigt, Format Regeln erstellt', 2),
(700, 237, 'Telefonsupport Inhouse München/Stuttgart, Redhat Vlan ändern lassen', 1),
(701, 237, 'EMAN Javascript Problem untersucht und weitervermittelt', 1),
(702, 237, 'Redhat Koala Prüfung Aufbau kontrolliert', 0.25),
(703, 237, 'Skype installiert bei Customer Service', 0.25),
(704, 238, 'Grippaler Infekt', 0),
(705, 239, 'Grippaler Infekt', 0),
(707, 241, 'Urlaub', 0),
(708, 242, 'Urlaub', 0),
(709, 243, 'Urlaub', 0),
(713, 247, 'Urlaub', 0),
(714, 248, 'Support: CCNAX Reset auf H110. Defekter Terminal Server. Pod 12 defektes Oktalkabel Tshoot', 3),
(715, 248, 'Support-PC eingerichtet, RemotelabsClient, SuperPutty, Kayako, vSphere', 3),
(716, 248, 'AP wollte nicht dem WLC Joinen. APs resetted ', 1),
(717, 248, 'Glossar und Noten im Berichtsheftsystem Datumsanzeige Bug gefixt', 1),
(718, 249, 'ICND2 Labguide durchgehen und auf H110 Pod 20 bearbeiten', 3.5),
(719, 249, 'Support: VM Probleme behoben. Eingefroren und neugestartet', 0.5),
(720, 249, 'Berichtsheftsystem Datenbank Optimiereung, Fremdschlüssel eingebunden', 1.5),
(721, 249, 'Support: IP Kamera neugestartet. MAC Adresse wurde nicht gefunden und session nicht aufgebaut', 1.5),
(722, 249, 'Pakete für Flex Hardware nach München verpackt/verschickt. ', 0.5),
(723, 249, 'ICND2 Reset gemacht', 0.25),
(724, 249, 'Gespräch mit Arne und Boris wegen Überstunden ', 0.25),
(725, 250, 'Grippaler Infekt', 0),
(726, 251, 'Grippaler Infekt', 0),
(727, 252, 'Grippaler Infekt', 0),
(728, 253, 'Support: AP und WLC Connection Problem behoben', 1.5),
(729, 253, 'Support: SISE Labguide rausgesucht', 0.25),
(730, 253, 'Resets: CICD ILO Reset ohne VPN Tunnel, SISE Voice', 4.25),
(731, 253, 'Support: X2GO Problem wegen RDP Tshoot', 1),
(732, 253, 'Küchendienst', 0.5),
(733, 253, 'Access Daten verschicken', 0.5),
(734, 254, 'Support: x2go RDP Probleme behoben ', 1),
(735, 254, 'Resets: DCMDS, WIFUND wireless ', 3),
(736, 254, 'Support: VMs neugestartet und Router Configuration überprüft. ', 1.5),
(737, 254, 'Support: VPN Probleme behoben. Authentifizierungs Fehler ', 1.5),
(738, 254, 'Küchendienst Geschirr wegräumen ', 0.5),
(739, 254, 'SSD nach Münster verschickt DHL. Paket abgegeben für Schulungsrechner ', 0.5),
(740, 255, 'Support: x2go Probleme Linux VMs neustarten. ', 0.5),
(741, 255, 'Küchendienst Geschirr einräumen. Müll rausbringen. ', 0.5),
(742, 255, 'Zeit Management System programmiert PHP,  SQL', 2.5),
(743, 255, 'Systemrequirements rausgesucht für voice Lab', 1),
(744, 255, 'Configs für voice korrigiert,  neu aufgespielt ', 3),
(745, 255, 'Kopierer gereinigt (Scanner) ', 0.5),
(746, 256, 'Support: UCS-Lab iscsi konfiguriert, vNICs konfiguriert auf H191', 3.5),
(747, 256, 'owncloud Einweisung gegeben, Apache, PHP', 1),
(748, 256, 'BOS-IT Hardware Einbau geplant', 0.5),
(749, 256, 'Küchendienst Geschirr eingeräumt, Müll rausgetragen', 0.75),
(750, 256, 'Support: SISE Lab Certificate importiert in die ISE für Cisco Update Feed', 1.75),
(751, 256, 'Alte Laptops gesucht für einfache Workstation', 0.5),
(752, 256, 'Zeitmanagement System Bugs gefixed. PHP', 0.5),
(753, 257, 'Oracle Lab Rack Einbauplan mit Excel erstellt. ', 1),
(754, 257, 'Support: Mit LabOps wegen Lab Extension geredet. ', 0.5),
(755, 257, 'Bei owncloud Ubuntu Server und Apache geholfen. ', 0.25),
(756, 257, 'Einbauschienen ins Oracle Lab geschraubt, Hardware reingelegt. ', 2),
(757, 257, 'Oracle Hardware in den Serverraum getragen. ', 1),
(758, 257, 'DHL Kundenservice Beschwerde eingereicht, neu versendet. ', 3),
(759, 257, 'Cisco CCNA Befehlsliste umdesigned ', 0.25),
(760, 257, 'Küchendienst und Mülldienst ', 0.25),
(761, 257, 'IT Kursraumvorbereitung, Rechner in Prag abbauen und in Athen aufbauen, Rechner Imagen ', 0.75),
(762, 258, 'DHL Abrechnungsstelle Telefonat wegen Fehlerhafter Rücksendung', 0.5),
(763, 258, 'Oracle Lab Aufbau. Rackeinbauschienen eingeschraubt. Hardware hineingetragen. Steckdosenleisten ans Rack geschraubt', 5),
(764, 258, 'Support Beschwerde vom SISE Kurs aufgeklärt (Zertifikat Probleme)', 0.5),
(765, 258, 'Raumvorbereitung PC''s abbauen und neu aufbauen. (AnyDesk in Athen)', 0.5),
(766, 258, 'Hardware Abholung veranlasst für Landesvertretung Nordrhein-Westfalen TTCP Hardware & Netlogix Laptop Kiste', 1.5),
(767, 259, 'Hardware Abholung der TTCP Kisten bei Netlogix veranlasst (GO!)', 1),
(768, 259, 'Oracle Lab Schnittstellen Dokumentation angefertigt (Excel)', 2.5),
(769, 259, 'Praktikant in Cisco CLI & Paket Tracer eingewiesen', 1),
(770, 259, 'Praktikant durch den Serverraum geführt', 1.5),
(771, 259, 'Berichtsheftsystem Design überarbeitet. CSS, JS, PHP', 1.5),
(772, 259, 'Let''s Encrypt & Certbot informiert wegen SSL Zertifikaten', 0.5),
(773, 260, 'DHL Kundenservice angerufen wegen zurückgegangener Sendung ', 0.5),
(774, 260, 'Oracle Lab Strom Verkabelung aufgebaut ', 2),
(775, 260, 'Oracle Lab Verkabelungsplan erstellt und geplant ', 1.5),
(776, 260, 'Gigabit Router gesucht für das Oracle Lab ', 0.5),
(777, 260, 'Owncloud mit cronjobs auseinander gesetzt ', 1),
(778, 260, 'IBM Lab Stromverkabelung nachverfolgt und einen Stromwechsel im laufenden Betrieb durchgeführt ', 1.5),
(779, 260, 'Praktikanten Abläufe erklärt wegen ICND1 und Support ', 1),
(780, 261, 'Oracle Lab Switche 48-Port mit Gigabit Ports gesucht in HH, BER, FFM', 2.5),
(781, 261, 'Hardware Abholungen den Empfang bestätigt.', 0.25),
(782, 261, 'TTCP Equipment reingetragen und ins Lager gestellt.', 0.25),
(783, 261, 'CCNA Befehlsliste die bearbeitete Version überprüft.', 0.25),
(784, 261, 'Organisatorisches geklärt wegen Support KW13', 0.25),
(785, 261, 'Wegen dem Oracle Lab telefoniert bzgl. des weiteren Einbaus.', 0.5),
(786, 262, 'Praktikanten Cisco CCNA geholfen', 2),
(787, 262, 'Raumvorbereitung, Rechner imagen und Monitore aufbauen', 0.5),
(788, 262, 'Word Fehler behoben. Beim Speichern stürzte das Programm ab. Programm repariert', 1),
(789, 262, 'Flexkit nach Stuttgart geschickt mit GO!', 1),
(790, 262, 'Cronjob versucht einen Bugfix zu finden. Mit Ubuntu Nutzerrechten probiert', 2),
(791, 262, 'Switche für das Oracle Lab organisiert von der BOS-IT', 0.5),
(792, 262, 'ICND2 Prüfungsthemen gelernt und nachgeholt', 1),
(793, 263, 'Cisco 1921 Router getestet und nach Düsseldorf geschickt.', 1),
(794, 263, 'ICND2 gelernt, Routing, Switching, EIGRP, OSPF', 1.5),
(795, 263, 'Support: VMs reverten und starten. ping connectivität herstellen für CTCOLLAB', 1),
(796, 263, 'ICND2 Prüfung geschrieben', 4.5),
(797, 264, 'Karfreitag', 0),
(798, 265, 'Ostermontag', 0),
(799, 266, 'SSD und SSD-Einbaurahmen nach Münster geschickt mit DHL', 0.5),
(800, 266, 'DHL Kundensupport bzgl. einer Beschwerde angerufen', 0.5),
(801, 266, 'Support: VM''s restartet und weniger RAM zugewiesen wegen defektem RAM auf ESX', 0.75),
(802, 266, 'Support: SISE Lab Tablet connectivität zum WLAN gefixt', 1),
(803, 266, '10m HDMI Kabel nach Berlin geschickt mit GO!', 0.5),
(804, 266, 'NMENPI 3.1 Reset gemacht, VM''s reverted und configs aufgespielt, wireless Lab', 2),
(805, 266, 'Berichtsheft System Layout Optimierung, JS, CSS', 1),
(806, 266, 'Dell Drucker in München, fehlendes Teil informiert.', 1),
(807, 266, 'ICND2 Report versendet', 0.25),
(808, 266, 'NMENPI 3.1 Access Daten verschickt', 0.5),
(809, 267, 'Support: VM neustarten IP Phone hat sich nicht registriert', 0.5),
(810, 267, 'Support: Troubleshooting x2go RDP Crash wegen Cisco IP Communicator', 1.5),
(811, 267, 'Support: Labguide Fehler nachvollzogen und weitergegeben im SISE Lab', 1.5),
(812, 267, 'Lager ordentlich gemacht, Kisten verstaut, Voice Kiste reingetragen', 0.5),
(813, 267, 'Praktikanten eingearbeitet in Routing, Switching Fundamentals', 2),
(814, 267, 'Berichtsheft System Hintergrund Animation erstellt, CSS', 0.5),
(815, 267, 'ICND2 Reset gemacht, VMs reverten und neustarten, Configs auf Geräte aufspielen', 0.5),
(816, 267, 'Oracle Lab Organisatorisches geklärt', 0.5),
(817, 267, 'Secion Trainer einen Bildschirm angeschlossen', 0.5),
(818, 268, 'Redhat Koala Prüfungs Laptop vorbereitet', 0.25),
(819, 268, 'Support: x2go Crash bei Cisco IP Communicator Troubleshooting', 1),
(820, 268, 'SENSS Reset auf F140, wireless, VMs reverted, configs aufgespielt, Lizenz erneuert', 1.5),
(821, 268, 'Dynamische Anzahl Tätigkeiten im Berichtsheftsystem implementiert, PHP', 0.5),
(822, 268, 'Support: SISE Update Fehler Troubleshooting', 1.25),
(823, 268, 'Owncloud, Backup gemacht, Updated auf version 10.0.7', 0.5),
(824, 268, 'Lab Extensions bearbeitet per Mail', 1),
(825, 268, 'Onlyoffice installiert und SSL/https eingerichtet, Apache2, nginx, nano, FTP, Ubuntu Server', 2),
(826, 269, 'WuG: Rechte und Pflichten eines Auszubildenden. Fallbeispiele mit Gesetzen klären', 2.5),
(827, 269, 'OpenLearning: CCNA Sprechstunde, Basics Switching, Ping, IP Adressierung', 2),
(828, 269, 'OGP: ereignisgesteuerte Gechäftsprozesse, Modell, aufarbeiten vom letzen Block, Besprechen', 2.5),
(829, 269, 'Organisatorisches geklärt wegen Stipendium, Chicago Reise, OuG Noten, versch. Leistungsnachweise', 1),
(830, 270, 'IT-M: Passive Netzwerkkomponenten, Einführung ins Thema und Organisation', 2),
(831, 270, 'FE-M und SuK Klausur Noten bekommen', 0.25),
(832, 270, 'IT-M: Kupferkabel angeschaut, funktionsweise, Material, Aufbau, Brandschutz etc.', 2.75),
(833, 271, 'AE-M: SQL oragnisatorische Einleitung', 1),
(834, 271, 'AE-M: Vortrag gehalten über unser Datenbankmodell und unseren SQL Code, Create, Insert, Querys', 1),
(835, 271, 'AE-M: SQL Abfragen schreiben, SQL Rennen mit GymAbo Datenbank, Subquerys, Joins, Aggregatfunktionen, usw.', 3),
(836, 271, 'AE-M: Lehrerinput über Joins und Aggregatfunktionen', 0.75),
(844, 273, 'SuK: Aufbau eines Teams, Gruppendiskussion, Akzeptanz, Informationen Teilen, Ziele setzen, Organisieren', 1),
(845, 273, 'SuK: Klausurrückgabe FE und SuK', 0.5),
(846, 273, 'GuS: Ein gesunder Rücken Teil1 Rückenprobleme vorbeugen, Umfrage über Rückenleiden', 1),
(847, 273, 'GuS: Sport, Völkerball und Handball', 1.5),
(848, 273, 'Firma einberufen: Raumvorbereitung, Rechner Imagen, Schulungsräume verkabeln, Schulungsraum herrichten für Kurs (Wien)', 2.5),
(849, 273, 'Firma einberufen: Paketlager aufgeräumt, Kartons verstaut', 1),
(850, 273, 'Firma einberufen: Domaincontroller in Prag eingerichtet', 0.5),
(851, 274, 'IT-WS: CCNA netacademy Acount erstellen.', 0.5),
(852, 274, 'IT-WS: CCNA netacademy Chapter 1 bearbeitet, Grundlagen des Internets', 3.5),
(853, 274, 'FE-M: Discuss about the prefered Operating System', 1.5),
(854, 275, 'WuG: Fallbeispiele Rechte und Pflichten eines Azubis Präsentationen. Quiz gemacht über Gesetze', 2.5),
(855, 275, 'OpenLearning: Gelernt für OuG, Netzplan, EPK (ereignissgesteuerte Prozessketten), Organisationsformen ', 1.5),
(856, 275, 'OpenLearning: Mit Linux Paketverwaltung auseinandersetzen ', 1),
(857, 275, 'OpenLearning: LaTeX installiert und wieder reinkommen, texworks, texlive, IEEE Vorlagen', 1),
(858, 275, 'OuG: Gelernt für OuG, Netzplan, EPK, Organisationsformen ', 1),
(859, 275, 'OuG: Klausur geschrieben über Netzplan und Organisationsformen ', 1),
(860, 276, 'IT-M: Klausur geschrieben, Elektrotechnik, Reihen/Parallelschaltung, Wirkungsgrad, Leistung', 1),
(861, 276, 'IT-M: Vorträge vorbereiten, Kupfer Kabel, Passive Netzwerkkomponenten', 2),
(862, 276, 'PacketTracer unter Linux, Pakete gesucht, zum laufen gebracht', 0.75),
(863, 277, 'AE-M: Klausur geschrieben, SQL SELECT Abfragen', 1.5),
(864, 277, 'AE-M: Rechtemanagement in SQL, USER', 1.5),
(865, 277, 'OuG: Note besprochen Handelskalkulation, Nutzwertanalyse, Angebotstext', 0.5),
(866, 277, 'AE-M: Reguläre Ausdrücke angeguckt', 0.5),
(867, 278, 'SuK: Team Building, forming, warming, storming, norming, performing, ending ', 1),
(868, 278, 'SuK: Team zusammen gestellt und nach Fußball Positionen sinnvoll aufgeteilt ', 0.5),
(869, 278, 'GuS: Ein gesunder Rücken Teil 2 - Podcast über Wirbelsäule angehört ', 0.5),
(870, 278, 'GuS: Kleiner Selbsttest über die Wirbelsäule, multiple choice ', 0.75),
(871, 278, 'GuS: Aufwärmen, Rückenübungen, Handball Zielwerfen ', 1.75),
(872, 279, 'IT-WS: CCNA Chapter 3, OSI-Modell, TCP/IP-Modell, Basic Switching, PDU''s', 3),
(873, 279, 'IT-WS: CCNA Chapter 3 Test', 0.25),
(874, 279, 'FE-M: Discuss about the prefered Operating System, Linux ', 2),
(875, 280, 'WuG: Klausur geschrieben (Note 2) Rechte und Pflichten eines Azubis', 1),
(876, 280, 'WuG: Klausurvorbereitung Rechte und Pflichten eines Azubis, Selbsttests', 3),
(877, 280, 'OpenLearning: Netzwerktechnik mit einem Switch zugänglich gemacht für VTY unter Linux', 2),
(878, 280, 'OuG: Rechtsgrundlagen und Steuerrecht, Grundwissen angeeignet , Juristendeutsch', 2),
(879, 281, 'IT-M: Präsentation über Kupferkabel gehalten. (Note 1) Aufbau, Struktur, Brandschutz, Material', 1.5),
(880, 281, 'IT-M: Präsentationen angehört über passive Netzwerkkomponenten', 4),
(881, 282, 'OuG: Linux Tag. Vorträge gehört über Raspberry Pi, Nutzerverwaltung, Ansible', 2),
(882, 282, 'OuG: Linux Tag, Vortrag mit Live Demo gegeben über apache2', 0.5),
(883, 282, 'OuG: Linux Tag, Raspberry Pi zum laufen gebracht, OS aus Raspberry Pi installiert, Emulatoren installiert.', 4.5),
(884, 282, 'OuG: Linux Tag, Apache2 Vortrag vorbereitet, Virtual Hosts, Configs, localhost, VM aufgesetzt', 1),
(885, 283, 'SuK: Klausur geschrieben, describing Operating Systems, - ing Formen', 1),
(886, 283, 'GuS: Vortrag angehört, Grundlagen der Trainingslehre ', 1),
(887, 283, 'GuS: Hockey, Frisbee, Basketball ', 2.5),
(888, 284, 'Umzugsdecken und Umzugskartons rausgesucht', 1),
(889, 284, 'Technik aufgeräumt, Sachen wegsortiert', 1),
(890, 284, 'Trainer mit dem Beamer geholfen', 0.5),
(891, 284, 'Remotelab Client 3 dem Trainer erklärt', 0.5),
(892, 284, 'Bei BOS-IT den Standort entrümpelt', 5),
(893, 285, 'BOS-IT beim Umzug mitgeholfen. Möbel abtransportiert und auseinandergebaut', 4.5),
(894, 285, 'BOS-IT Möbel und Hardware ausgeladen und weggetragen', 2.5),
(895, 285, 'Beim SHD Kurs das KPS Designstudio installiert', 0.5),
(896, 286, 'Kali Linux installiert auf einem Laptop ', 1.5),
(897, 286, 'Laptop Image erstellt und externe Festplatte zum Klonen vorbereitet mit Paragon ', 4),
(898, 286, 'Laptops für Lufthansa aus dem Lager geholt ', 0.5),
(899, 286, 'Rollbretter und Kisten in den Combi eingeladen ', 0.5),
(900, 286, 'H171 Lab vom Strom genommen ', 0.5),
(901, 286, 'WLC aus dem H171 Lab ausgebaut und nach Berlin verschickt mit Go! ', 1),
(902, 287, 'Büroauflösung der BOS-IT. Alte Möbel und Elektronik zum Entsorgen bereitstellen', 3.5),
(903, 287, 'Klonen von Dell Laptops mit Paragon für die Lufthansa Messe.', 2),
(904, 287, 'BOS-IT Hardware zusammengetragen und für die Messe vorbereitet.', 2),
(905, 287, 'Urlaub beantragt in EMAN und per Mail (09.07.18-16.07.18 & 20.12.18 - 04.01.19)', 0.5),
(906, 288, 'Lufthansa Laptops Windows und Office aktiviert und Treiber installiert ', 2),
(907, 288, 'Blumen gegossen im Büro ', 1),
(908, 288, 'Kleinere Aufräumarbeiten im IT Büro. ', 0.5),
(909, 288, 'Raumvorbereitung, Rechner Imagen, Software installieren, Oracle ', 2),
(910, 288, 'Wireless Aufbauplan erstellt und über Wireless AP, Repeater und Router Recherchen durchgeführt ', 2.5),
(911, 289, 'Tag der Arbeit', 0),
(912, 290, 'Technik aufgeräumt, Paketlager aufgeräumt', 1.5),
(913, 290, 'Sicherheitsfirma Techniker angeleitet und beaufsichtigt wegen Kaputter Türschloss Anlage', 1.5),
(914, 290, 'Steckdosenleisten nach Stuttgart geschickt mit GO!', 0.75),
(915, 290, 'UCS-Server nach Frankfurt geschickt mit GO!', 0.75),
(916, 290, 'Datenschutz Verarbeitungstätigkeiten erklärt bekommen.', 0.5),
(917, 290, 'AnyDesk auf Remote PCs installiert und getestet, anschließend Zugangsdaten versendet', 2),
(918, 290, 'Über Ethernet über die Stromleitung informiert', 0.5),
(919, 290, 'Arbeitsplatz für eine neue Auszubildende eingerichtet', 0.5),
(920, 291, 'IT aufräumen. Kabel und Hardware wegsortiert (Laptops, Telefone)', 2),
(921, 291, 'Dell 990 repariert. SATA angeschlossen an die Laufwerke.', 0.5),
(922, 291, 'Support: CICD ILO Labguide an einen Trainer geschickt.', 0.5),
(923, 291, 'Support: ACS Problem mit der dot1x Authentification. MAB Statement zu viel', 3.5),
(924, 291, 'Raspberry Pi configuration angeschaut. (Ideen, Umsetzung)', 1),
(925, 291, 'Hardware für die Lufthansa Messe in den Transporter laden.', 0.5),
(926, 292, 'Support: LabOps Extension abgeklärt ob sie machbar ist', 1.5),
(927, 292, 'Oslo Dell7040 Ram ausgebaut und angeglichen', 1.5),
(928, 292, 'Support: Verschiedene Kabel und SFPs zu Anschauungszwecken übergeben', 0.5),
(929, 292, 'Cisco 2960-S Switch getestet (Defekt)', 1.5),
(930, 292, 'Neuer Auszubildenen die Supporttätigkeiten erklärt', 1.5),
(931, 292, 'Joomla Installation angeschaut. Webserver einrichten', 0.5),
(932, 292, 'VGA2USB Adapter getestet und Treiber gesucht', 1),
(933, 293, 'Datenschutz Impressum auf der flane.de Website Layouten/Designen (HTML,CSS)', 5.5),
(934, 293, 'Paket mit Cisco 2801 Routern und SSD Halterungen nach Berlin geschickt mit GO!', 0.75),
(935, 293, 'Paketlager mit ausgeräumt, alte Kartons wegschmeißen', 1),
(936, 293, 'ICND1 Bewerber Test ausgefüllt', 0.75);

-- --------------------------------------------------------

--
-- Tabellenstruktur für Tabelle `resets`
--

CREATE TABLE IF NOT EXISTS `resets` (
  `ID` int(11) NOT NULL AUTO_INCREMENT,
  `userID` int(11) NOT NULL,
  `rack` varchar(30) NOT NULL,
  `lab` varchar(50) NOT NULL,
  `pod` varchar(60) NOT NULL,
  `date` varchar(50) NOT NULL,
  `time` varchar(4) NOT NULL,
  `comment` varchar(1000) NOT NULL,
  PRIMARY KEY (`ID`)
) ENGINE=InnoDB  DEFAULT CHARSET=utf8 AUTO_INCREMENT=47 ;

--
-- Daten für Tabelle `resets`
--

INSERT INTO `resets` (`ID`, `userID`, `rack`, `lab`, `pod`, `date`, `time`, `comment`) VALUES
(7, 1, 'H110', 'ICND1', '1', '1517862240', '2', ''),
(8, 1, 'H110', 'CCNAX', '6,7,8,9', '1517930760', '1', ''),
(9, 1, 'H120', 'CCNAX', '11,12,13,14,15', '1517930820', '1', ''),
(10, 1, 'H110', 'ICND2', '16,17,18,19,20', '1517931000', '1', ''),
(11, 1, 'F158', 'SSECMGT', '1,2,3,4', '1517936100', '1.5', ''),
(12, 1, 'F180', 'BGP', '1,2,3,4', '1517947320', '2', ''),
(13, 1, 'F200', 'NMENPI', '1,2,3,4,5,6,7,8', '1518033360', '6', ''),
(14, 1, 'H101D', 'DCMDS', '1,2,3,4', '1518039960', '2', ''),
(15, 1, 'F140', 'CCNP SECURITY', '37,38', '1518101520', '2', ''),
(16, 1, 'B60', 'WIFUND', '12', '1518120060', '6', ''),
(17, 1, 'B60', 'WIDEPLOY', '12', '1518125520', '1.5', ''),
(18, 1, 'F104', 'VSTD', '1,2,3,4,5,6', '1518127920', '0.5', ''),
(19, 1, 'B01', 'QOS', '10,11,12', '1518188820', '2', ''),
(20, 1, 'H184', 'DCUCT', '1,2,3,4,5,6,7,8', '1518192840', '1', ''),
(21, 1, 'B18', 'CIPTV1', '3,4', '1518210120', '3', ''),
(22, 1, 'F170', 'SANIMP', '3,4,5,6,7,8', '1518535980', '3.5', ''),
(23, 1, 'B63', 'WISECURE', '19', '1518541020', '1.5', ''),
(24, 1, 'F151', 'RSCAT6K', '1', '1518551160', '2', ''),
(25, 1, 'B60', 'WIDESIGN', '15', '1518556740', '1', ''),
(26, 1, 'F101C', 'SISE', '5', '1518631980', '3', ''),
(27, 1, 'H184', 'DCUCT', '1,2,3,4,5,6,7,8', '1518645600', '4', ''),
(28, 1, 'H101C', 'DCMDS', '1,2', '1518705840', '1.5', ''),
(29, 1, 'B17', 'CTCOLLAB', '5,6', '1518719160', '3', ''),
(35, 1, 'H110', 'CCNAX', '5,6,7,8,9,10,11,13,14,15,16,17,18,19,20', '1519667140', '3', 'Terminal Server 1 booted nicht, Pod 12 Branch Router Kabel zum TS kaputt'),
(39, 1, 'H110', 'ICND2', '20', '1519741560', '0.25', ''),
(40, 1, 'F101A', 'SISE', '8', '1520872740', '1', ''),
(41, 1, 'B17', 'CICD ILO', '7', '1520881860', '2', 'ILO braucht kein VPN Tunnel'),
(42, 1, 'H101A', 'DCMDS', '1,2,3,4', '1520945640', '1', 'Core MDS A ganz oft neustarten wegen Fehlermeldung'),
(43, 1, 'B63', 'WIFUND', '22', '1520953560', '2', 'WLC1 neustarten, AP3 neustarten mit manuellem einloggen'),
(44, 1, 'F200', 'NMENPI 3.1', '2', '1522161900', '2', 'Router zeigt Fehler an, kann wenn config drin ist ignoriert werden, Lizenzen eingespielt'),
(45, 1, 'H120', 'ICND2', '1', '1522258200', '0.5', ''),
(46, 1, 'F140', 'SENSS', '13', '1522333080', '1.5', '');

-- --------------------------------------------------------

--
-- Tabellenstruktur für Tabelle `user`
--

CREATE TABLE IF NOT EXISTS `user` (
  `ID` int(11) NOT NULL AUTO_INCREMENT,
  `role` varchar(11) NOT NULL,
  `name` varchar(50) NOT NULL,
  `pass` varchar(50) NOT NULL,
  `email` varchar(50) NOT NULL,
  PRIMARY KEY (`ID`)
) ENGINE=InnoDB  DEFAULT CHARSET=utf8 AUTO_INCREMENT=4 ;

--
-- Daten für Tabelle `user`
--

INSERT INTO `user` (`ID`, `role`, `name`, `pass`, `email`) VALUES
(1, 'apprentice', 'Frühauf, Paul', '202cb962ac59075b964b07152d234b70', 'paul.fruehauf@flane.de'),
(2, 'instructor', 'Kevin, Alpha', '202cb962ac59075b964b07152d234b70', 'alpha.kevin@flane.de'),
(3, 'apprentice', 'Mustermann, Max', '202cb962ac59075b964b07152d234b70', 'max.mustermann@flane.de');

/*!40101 SET CHARACTER_SET_CLIENT=@OLD_CHARACTER_SET_CLIENT */;
/*!40101 SET CHARACTER_SET_RESULTS=@OLD_CHARACTER_SET_RESULTS */;
/*!40101 SET COLLATION_CONNECTION=@OLD_COLLATION_CONNECTION */;
